{
  "all": {
    "grad": {
      "ok": true,
      "reason": "clear-ish tail region",
      "fit": {
        "xmin": 5.81999045570395e-05,
        "a_pdf": 2.6314519935627185,
        "B_ccdf": 1.6314519935627185,
        "ks": 0.011649663396422982,
        "n_tail": 15432,
        "se_B": 0.013132977240276048
      },
      "ccdf_powerlaw": {
        "B": 2.1350787862204226,
        "r2": 0.9899508908113756
      },
      "ccdf_tempered": {
        "B": 1.8332750963098052,
        "lam": 300.451764559709,
        "r2": 0.9963268499478377
      }
    },
    "noise": {
      "ok": false,
      "reason": "B_eff too noisy (MAD=0.30)",
      "fit": {
        "xmin": 5.4449772033709735e-05,
        "a_pdf": 2.645986408037489,
        "B_ccdf": 1.6459864080374889,
        "ks": 0.011608973540009337,
        "n_tail": 16581,
        "se_B": 0.012782649625264025
      },
      "ccdf_powerlaw": {
        "B": 2.087865336238082,
        "r2": 0.9940508240931539
      },
      "ccdf_tempered": {
        "B": 1.9013391288419954,
        "lam": 212.45731152513957,
        "r2": 0.9964796873104868
      }
    },
    "delta": {
      "ok": false,
      "reason": "CCDF not linear enough (R²=0.983)",
      "fit": {
        "xmin": 9.5352137208725e-05,
        "a_pdf": 2.674377941396235,
        "B_ccdf": 1.674377941396235,
        "ks": 0.01869119794409352,
        "n_tail": 13152,
        "se_B": 0.014600159281729688
      },
      "ccdf_powerlaw": {
        "B": 2.213967937780633,
        "r2": 0.982737920663647
      },
      "ccdf_tempered": {
        "B": 1.6526253577935648,
        "lam": 545.1633721142922,
        "r2": 0.9981918163867803
      }
    }
  },
  "decay": {
    "grad": {
      "ok": false,
      "reason": "B_eff median 2.25 far from fit B 1.68",
      "fit": {
        "xmin": 6.749900423194642e-05,
        "a_pdf": 2.68139527977294,
        "B_ccdf": 1.6813952797729401,
        "ks": 0.013527803802182214,
        "n_tail": 12385,
        "se_B": 0.01510851633327081
      },
      "ccdf_powerlaw": {
        "B": 2.1950304516111547,
        "r2": 0.9929999820703242
      },
      "ccdf_tempered": {
        "B": 2.046196206331727,
        "lam": 123.46381329440653,
        "r2": 0.9944752098468582
      }
    },
    "noise": {
      "ok": false,
      "reason": "B_eff too noisy (MAD=0.32)",
      "fit": {
        "xmin": 5.9238173424611434e-05,
        "a_pdf": 2.6791141876617144,
        "B_ccdf": 1.6791141876617144,
        "ks": 0.011856716919601773,
        "n_tail": 14673,
        "se_B": 0.013861836512445797
      },
      "ccdf_powerlaw": {
        "B": 2.199211583750243,
        "r2": 0.992663280596146
      },
      "ccdf_tempered": {
        "B": 2.0845978838635655,
        "lam": 99.63158014298259,
        "r2": 0.9935613365429937
      }
    },
    "delta": {
      "ok": false,
      "reason": "B_eff too noisy (MAD=0.38)",
      "fit": {
        "xmin": 9.274394897926998e-05,
        "a_pdf": 2.698255216655339,
        "B_ccdf": 1.698255216655339,
        "ks": 0.018192524095504092,
        "n_tail": 13527,
        "se_B": 0.014601659349113283
      },
      "ccdf_powerlaw": {
        "B": 2.2571183568864925,
        "r2": 0.9898141888349843
      },
      "ccdf_tempered": {
        "B": 1.9796273780692997,
        "lam": 221.35194848848667,
        "r2": 0.994044378015351
      }
    }
  },
  "embed": {
    "grad": {
      "ok": false,
      "reason": "tail too small (n_tail=1776)",
      "fit": {
        "xmin": 0.00030027035755943957,
        "a_pdf": 3.2379645694127035,
        "B_ccdf": 2.2379645694127035,
        "ks": 0.018341283540467934,
        "n_tail": 1776,
        "se_B": 0.053104549131721655
      },
      "ccdf_powerlaw": {
        "B": 2.3979489427449128,
        "r2": 0.9925707870259869
      },
      "ccdf_tempered": {
        "B": 2.0110801144107264,
        "lam": 225.62349721500067,
        "r2": 0.9963933113191706
      }
    },
    "noise": {
      "ok": true,
      "reason": "clear-ish tail region",
      "fit": {
        "xmin": 0.0002666670956461196,
        "a_pdf": 3.2054618481589965,
        "B_ccdf": 2.2054618481589965,
        "ks": 0.01997132310144567,
        "n_tail": 2164,
        "se_B": 0.04741010543988609
      },
      "ccdf_powerlaw": {
        "B": 2.407634723222683,
        "r2": 0.9937812556239769
      },
      "ccdf_tempered": {
        "B": 2.2391302055944964,
        "lam": 85.62709795292652,
        "r2": 0.9946439082784269
      }
    },
    "delta": {
      "ok": false,
      "reason": "tail too small (n_tail=1388)",
      "fit": {
        "xmin": 0.00047518000664779333,
        "a_pdf": 3.374450853882731,
        "B_ccdf": 2.374450853882731,
        "ks": 0.01491679736447954,
        "n_tail": 1388,
        "se_B": 0.06373360023845176
      },
      "ccdf_powerlaw": {
        "B": 2.305448709458239,
        "r2": 0.9961962814993632
      },
      "ccdf_tempered": null
    }
  },
  "no_decay": {
    "grad": {
      "ok": false,
      "reason": "CCDF not linear enough (R²=0.951)",
      "fit": {
        "xmin": 0.0004524336791150653,
        "a_pdf": 3.1160190591765207,
        "B_ccdf": 2.1160190591765207,
        "ks": 0.009078166570251428,
        "n_tail": 7592,
        "se_B": 0.024285188310683083
      },
      "ccdf_powerlaw": {
        "B": 2.756063344590451,
        "r2": 0.9510550426835517
      },
      "ccdf_tempered": {
        "B": 1.293150948222499,
        "lam": 533.6973799196658,
        "r2": 0.992235075916479
      }
    },
    "noise": {
      "ok": false,
      "reason": "CCDF not linear enough (R²=0.967)",
      "fit": {
        "xmin": 0.00040809778147377074,
        "a_pdf": 3.196226386565788,
        "B_ccdf": 2.196226386565788,
        "ks": 0.00791696970687003,
        "n_tail": 8369,
        "se_B": 0.024007134253111875
      },
      "ccdf_powerlaw": {
        "B": 2.5882576009931277,
        "r2": 0.9671198269485172
      },
      "ccdf_tempered": {
        "B": 1.5056519038552827,
        "lam": 502.2980596327763,
        "r2": 0.9897397271779942
      }
    },
    "delta": {
      "ok": false,
      "reason": "CCDF not linear enough (R²=0.974)",
      "fit": {
        "xmin": 0.0006289964326662108,
        "a_pdf": 3.2281384196927534,
        "B_ccdf": 2.2281384196927534,
        "ks": 0.010121046785345367,
        "n_tail": 7205,
        "se_B": 0.026249750185020387
      },
      "ccdf_powerlaw": {
        "B": 2.6153920940205997,
        "r2": 0.9736947737100907
      },
      "ccdf_tempered": {
        "B": 1.6748181163701483,
        "lam": 254.8928412707693,
        "r2": 0.9922001163112719
      }
    }
  },
  "norm": {
    "grad": {
      "ok": false,
      "reason": "CCDF not linear enough (R²=0.942)",
      "fit": {
        "xmin": 0.0004401074998034396,
        "a_pdf": 3.119008973189474,
        "B_ccdf": 2.119008973189474,
        "ks": 0.008185390362464684,
        "n_tail": 7980,
        "se_B": 0.023720910237878146
      },
      "ccdf_powerlaw": {
        "B": 2.7803272876579923,
        "r2": 0.9423933236957325
      },
      "ccdf_tempered": {
        "B": 1.0355128311261326,
        "lam": 743.7335837842592,
        "r2": 0.9931060141366035
      }
    },
    "noise": {
      "ok": false,
      "reason": "CCDF not linear enough (R²=0.955)",
      "fit": {
        "xmin": 0.00038923512844900917,
        "a_pdf": 3.1705608375817516,
        "B_ccdf": 2.1705608375817516,
        "ks": 0.009017638007308704,
        "n_tail": 9143,
        "se_B": 0.022700091255791977
      },
      "ccdf_powerlaw": {
        "B": 2.771667944987345,
        "r2": 0.9545118460096996
      },
      "ccdf_tempered": {
        "B": 1.1877513346933544,
        "lam": 781.8484531879141,
        "r2": 0.9954330107716954
      }
    },
    "delta": {
      "ok": false,
      "reason": "CCDF not linear enough (R²=0.961)",
      "fit": {
        "xmin": 0.00057174451649189,
        "a_pdf": 3.203689654943611,
        "B_ccdf": 2.203689654943611,