{
  "all": {
    "grad": {
      "ok": false,
      "reason": "tail too small (n_tail=1385)",
      "fit": {
        "xmin": 0.00020876133603599798,
        "a_pdf": 3.184101243989757,
        "B_ccdf": 2.184101243989757,
        "ks": 0.028503736390964207,
        "n_tail": 1385,
        "se_B": 0.058687806739782564
      },
      "ccdf_powerlaw": {
        "B": 2.3256396946601128,
        "r2": 0.9915324148558048
      },
      "ccdf_tempered": {
        "B": 2.244018329946389,
        "lam": 68.23072238234057,
        "r2": 0.9917104319435557
      }
    },
    "noise": {
      "ok": false,
      "reason": "CCDF not linear enough (R²=0.980)",
      "fit": {
        "xmin": 2.9798879768350162e-05,
        "a_pdf": 2.371429859785196,
        "B_ccdf": 1.371429859785196,
        "ks": 0.023744532278242414,
        "n_tail": 19959,
        "se_B": 0.0097074287569014
      },
      "ccdf_powerlaw": {
        "B": 2.120417227835991,
        "r2": 0.9803983507581131
      },
      "ccdf_tempered": {
        "B": 1.7589681319941768,
        "lam": 529.6787353470058,
        "r2": 0.9908709703461359
      }
    },
    "delta": {
      "ok": false,
      "reason": "tail too small (n_tail=1385)",
      "fit": {
        "xmin": 0.00028031622886429667,
        "a_pdf": 3.1695520931372756,
        "B_ccdf": 2.1695520931372756,
        "ks": 0.01202065828474852,
        "n_tail": 1385,
        "se_B": 0.058296864352927545
      },
      "ccdf_powerlaw": {
        "B": 2.3437203255532943,
        "r2": 0.9934535578746538
      },
      "ccdf_tempered": {
        "B": 1.9362089453607716,
        "lam": 247.5716028529481,
        "r2": 0.9978064925955936
      }
    }
  },
  "decay": {
    "grad": {
      "ok": false,
      "reason": "tail too small (n_tail=1384)",
      "fit": {
        "xmin": 0.00020983697774069266,
        "a_pdf": 3.1149648451876866,
        "B_ccdf": 2.1149648451876866,
        "ks": 0.0242067851083127,
        "n_tail": 1384,
        "se_B": 0.056850607240617974
      },
      "ccdf_powerlaw": {
        "B": 2.12617996863309,
        "r2": 0.9970029579369584
      },
      "ccdf_tempered": {
        "B": 2.015791047721623,
        "lam": 70.34828151747685,
        "r2": 0.9974940763079981
      }
    },
    "noise": {
      "ok": false,
      "reason": "tail too small (n_tail=1385)",
      "fit": {
        "xmin": 0.00019429394188907488,
        "a_pdf": 3.123874456532523,
        "B_ccdf": 2.123874456532523,
        "ks": 0.014672637114886339,
        "n_tail": 1385,
        "se_B": 0.057069485211614125
      },
      "ccdf_powerlaw": {
        "B": 2.1446806046025526,
        "r2": 0.9950574455887975
      },
      "ccdf_tempered": {
        "B": 2.1283981326388606,
        "lam": 10.213305544624642,
        "r2": 0.9950684174694018
      }
    },
    "delta": {
      "ok": false,
      "reason": "tail too small (n_tail=1385)",
      "fit": {
        "xmin": 0.00028403476347472085,
        "a_pdf": 3.2538309038827506,
        "B_ccdf": 2.2538309038827506,
        "ks": 0.0270012823252902,
        "n_tail": 1385,
        "se_B": 0.06056147482870105
      },
      "ccdf_powerlaw": {
        "B": 2.1697859038088927,
        "r2": 0.9896319447045583
      },
      "ccdf_tempered": {
        "B": 1.929739276718061,
        "lam": 112.84770089326045,
        "r2": 0.9918054762727958
      }
    }
  },
  "embed": {
    "grad": {
      "ok": false,
      "reason": "tail too small (n_tail=1388)",
      "fit": {
        "xmin": 0.0003063708820917213,
        "a_pdf": 3.045687363699881,
        "B_ccdf": 2.045687363699881,
        "ks": 0.014335436676695984,
        "n_tail": 1388,
        "se_B": 0.0549091258038477
      },
      "ccdf_powerlaw": {
        "B": 2.027716767774136,
        "r2": 0.9888763907640088
      },
      "ccdf_tempered": {
        "B": 1.8723357700914427,
        "lam": 71.66514223558418,
        "r2": 0.9899180311287914
      }
    },
    "noise": {
      "ok": false,
      "reason": "tail too small (n_tail=1776)",
      "fit": {
        "xmin": 0.0002632577747922647,
        "a_pdf": 3.0913969278484914,
        "B_ccdf": 2.0913969278484914,
        "ks": 0.013176372459342889,
        "n_tail": 1776,
        "se_B": 0.049626652908990196
      },
      "ccdf_powerlaw": {
        "B": 2.133714498999168,
        "r2": 0.9947355054576487
      },
      "ccdf_tempered": null
    },
    "delta": {
      "ok": false,
      "reason": "tail too small (n_tail=1776)",
      "fit": {
        "xmin": 0.0003781710687445051,
        "a_pdf": 3.1535257954017633,
        "B_ccdf": 2.1535257954017633,
        "ks": 0.0178341682966765,
        "n_tail": 1776,
        "se_B": 0.051100905694121096
      },
      "ccdf_powerlaw": {
        "B": 2.4761095832345235,
        "r2": 0.9905744218337598
      },
      "ccdf_tempered": {
        "B": 1.9639113250610236,
        "lam": 262.30212568134857,
        "r2": 0.996114159732678
      }
    }
  },
  "no_decay": {
    "grad": {
      "ok": false,
      "reason": "CCDF not linear enough (R²=0.961)",
      "fit": {
        "xmin": 0.0005537177349573802,
        "a_pdf": 3.8880908085668833,
        "B_ccdf": 2.8880908085668833,
        "ks": 0.020204484414605095,
        "n_tail": 3715,
        "se_B": 0.04738396898137169
      },
      "ccdf_powerlaw": {
        "B": 2.8823402186744165,
        "r2": 0.9607295982057799
      },
      "ccdf_tempered": {
        "B": 1.9203517029937216,
        "lam": 399.74633431542566,
        "r2": 0.9725286664653253
      }
    },
    "noise": {
      "ok": true,
      "reason": "clear-ish tail region",
      "fit": {
        "xmin": 0.0005394479673241779,
        "a_pdf": 4.141476233495441,
        "B_ccdf": 3.1414762334954407,
        "ks": 0.026786329604241543,
        "n_tail": 2552,
        "se_B": 0.06218611754537379
      },
      "ccdf_powerlaw": {
        "B": 2.8057044664006447,
        "r2": 0.9860677596463326
      },
      "ccdf_tempered": {
        "B": 2.674613678964967,
        "lam": 60.546116072044505,
        "r2": 0.9862733084095617
      }
    },
    "delta": {
      "ok": false,
      "reason": "B_eff too noisy (MAD=0.26)",
      "fit": {
        "xmin": 0.0007711167706233663,
        "a_pdf": 4.006235722220788,
        "B_ccdf": 3.0062357222207883,
        "ks": 0.015302843808380429,
        "n_tail": 2552,
        "se_B": 0.05950900598828131
      },
      "ccdf_powerlaw": {
        "B": 2.7998791684754734,
        "r2": 0.9923484490725607
      },
      "ccdf_tempered": {
        "B": 2.5143511389012287,
        "lam": 83.95035837000266,
        "r2": 0.9934911076727629
      }
    }
  },
  "norm": {
    "grad": {
      "ok": false,
      "reason": "CCDF not linear enough (R²=0.980)",
      "fit": {
        "xmin": 0.0005498611533714992,
        "a_pdf": 3.789704268218344,
        "B_ccdf": 2.789704268218344,
        "ks": 0.01817371241978971,
        "n_tail": 3715,
        "se_B": 0.04576977293108441
      },
      "ccdf_powerlaw": {
        "B": 2.728560849412409,
        "r2": 0.9796272300932153
      },
      "ccdf_tempered": {
        "B": 2.12655744447407,
        "lam": 250.6347920659602,
        "r2": 0.9849105764144609
      }
    },
    "noise": {
      "ok": false,
      "reason": "CCDF not linear enough (R²=0.984)",
      "fit": {
        "xmin": 0.0005411473110292064,
        "a_pdf": 3.9525317244522875,
        "B_ccdf": 2.9525317244522875,
        "ks": 0.014913331752286818,
        "n_tail": 2552,
        "se_B": 0.05844592517223689
      },
      "ccdf_powerlaw": {
        "B": 2.6344317840213054,
        "r2": 0.9838583543886406
      },
      "ccdf_tempered": null
    },
    "delta": {
      "ok": false,
      "reason": "B_eff too noisy (MAD=0.34)",
      "fit": {
        "xmin": 0.000781843782347933,
        "a_pdf": 4.016231626452138,
        "B_ccdf": 3.0162316264521376,
        "ks": 0.019516499625478023,
        "n_tail": 2552,
        "se_B": 0.059706876807380696
      },