{
  "all": {
    "grad": {
      "ok": false,
      "reason": "B_eff too noisy (MAD=0.27)",
      "fit": {
        "xmin": 6.135238090272262e-05,
        "a_pdf": 2.6353035903825264,
        "B_ccdf": 1.6353035903825264,
        "ks": 0.012803985536094409,
        "n_tail": 14671,
        "se_B": 0.013501080654415193
      },
      "ccdf_powerlaw": {
        "B": 2.151974895559344,
        "r2": 0.9891061507467
      },
      "ccdf_tempered": {
        "B": 1.7608128614970993,
        "lam": 426.2174936390829,
        "r2": 0.9987154415193287
      }
    },
    "noise": {
      "ok": false,
      "reason": "B_eff too noisy (MAD=0.32)",
      "fit": {
        "xmin": 6.241974980945754e-05,
        "a_pdf": 2.6539384175075695,
        "B_ccdf": 1.6539384175075695,
        "ks": 0.01276391264967136,
        "n_tail": 13918,
        "se_B": 0.014019448157295947
      },
      "ccdf_powerlaw": {
        "B": 2.2119735797514055,
        "r2": 0.9874549221417805
      },
      "ccdf_tempered": {
        "B": 1.7745418206792947,
        "lam": 482.61374565419004,
        "r2": 0.9984475850075697
      }
    },
    "delta": {
      "ok": false,
      "reason": "CCDF not linear enough (R²=0.985)",
      "fit": {
        "xmin": 8.21792802889832e-05,
        "a_pdf": 2.644210740641654,
        "B_ccdf": 1.644210740641654,
        "ks": 0.017426726305530493,
        "n_tail": 16955,
        "se_B": 0.012627244327270401
      },
      "ccdf_powerlaw": {
        "B": 2.270969826525204,
        "r2": 0.9849150497813909
      },
      "ccdf_tempered": {
        "B": 1.761347605281818,
        "lam": 481.84988471922276,
        "r2": 0.998250750137589
      }
    }
  },
  "decay": {
    "grad": {
      "ok": false,
      "reason": "B_eff too noisy (MAD=0.31)",
      "fit": {
        "xmin": 6.433724103215133e-05,
        "a_pdf": 2.6715303368586945,
        "B_ccdf": 1.6715303368586945,
        "ks": 0.015154175767175815,
        "n_tail": 13525,
        "se_B": 0.014372940449201713
      },
      "ccdf_powerlaw": {
        "B": 2.141475144689852,
        "r2": 0.9938006947733053
      },
      "ccdf_tempered": {
        "B": 1.866392813237101,
        "lam": 375.80416791333687,
        "r2": 0.9978618697977985
      }
    },
    "noise": {
      "ok": false,
      "reason": "B_eff too noisy (MAD=0.30)",
      "fit": {
        "xmin": 5.615509047745539e-05,
        "a_pdf": 2.6499387926958753,
        "B_ccdf": 1.6499387926958753,
        "ks": 0.015358126899569613,
        "n_tail": 16195,
        "se_B": 0.012965144380047424
      },
      "ccdf_powerlaw": {
        "B": 2.155064943598888,
        "r2": 0.9909111648573018
      },
      "ccdf_tempered": {
        "B": 1.819758529104965,
        "lam": 466.4480833538289,
        "r2": 0.9973915764948325
      }
    },
    "delta": {
      "ok": true,
      "reason": "clear-ish tail region",
      "fit": {
        "xmin": 0.00028761181747540834,
        "a_pdf": 3.0899996862011085,
        "B_ccdf": 2.0899996862011085,
        "ks": 0.022973433965562506,
        "n_tail": 2122,
        "se_B": 0.04537049642097534
      },
      "ccdf_powerlaw": {
        "B": 2.447478359949814,
        "r2": 0.9912442556609093
      },
      "ccdf_tempered": {
        "B": 1.9821696469016918,
        "lam": 262.64732312936167,
        "r2": 0.9969426305665253
      }
    }
  },
  "embed": {
    "grad": {
      "ok": false,
      "reason": "tail too small (n_tail=1388)",
      "fit": {
        "xmin": 0.00034235218607545044,
        "a_pdf": 3.203351350806678,
        "B_ccdf": 2.203351350806678,
        "ks": 0.020121608069032293,
        "n_tail": 1388,
        "se_B": 0.05914104894929145
      },
      "ccdf_powerlaw": {
        "B": 2.287390742789391,
        "r2": 0.9819298202981875
      },
      "ccdf_tempered": null
    },
    "noise": {
      "ok": false,
      "reason": "tail too small (n_tail=1388)",
      "fit": {
        "xmin": 0.00033200370450741815,
        "a_pdf": 3.156192553818077,
        "B_ccdf": 2.156192553818077,
        "ks": 0.02080244427112063,
        "n_tail": 1388,
        "se_B": 0.05787524051611921
      },
      "ccdf_powerlaw": {
        "B": 2.4126691589362164,
        "r2": 0.9925947940894352
      },
      "ccdf_tempered": null
    },
    "delta": {
      "ok": false,
      "reason": "tail too small (n_tail=1388)",
      "fit": {
        "xmin": 0.00048135298838820775,
        "a_pdf": 3.2635587124993752,
        "B_ccdf": 2.2635587124993752,
        "ks": 0.010964004725475485,
        "n_tail": 1388,
        "se_B": 0.060757099210032604
      },
      "ccdf_powerlaw": {
        "B": 2.3783901751938155,
        "r2": 0.9975016923772548
      },
      "ccdf_tempered": {
        "B": 2.187719060598128,
        "lam": 69.94413031278779,
        "r2": 0.998406048699772
      }
    }
  },
  "no_decay": {
    "grad": {
      "ok": false,
      "reason": "CCDF not linear enough (R²=0.974)",
      "fit": {
        "xmin": 0.00045928705280839113,
        "a_pdf": 3.1770421259217905,
        "B_ccdf": 2.1770421259217905,
        "ks": 0.008110561287194007,
        "n_tail": 7980,
        "se_B": 0.024370553172005194
      },
      "ccdf_powerlaw": {
        "B": 2.6808783521277855,
        "r2": 0.9741208122546592
      },
      "ccdf_tempered": {
        "B": 1.700320916875009,
        "lam": 340.6894949076639,
        "r2": 0.9947066598750144
      }
    },
    "noise": {
      "ok": false,
      "reason": "CCDF not linear enough (R²=0.958)",
      "fit": {
        "xmin": 0.00040969915446891945,
        "a_pdf": 3.223464238535245,
        "B_ccdf": 2.223464238535245,
        "ks": 0.012846841775102091,
        "n_tail": 8756,
        "se_B": 0.023761687081536115
      },
      "ccdf_powerlaw": {
        "B": 2.8178080175570512,
        "r2": 0.9577553410154568
      },
      "ccdf_tempered": {
        "B": 1.3455404779753088,
        "lam": 629.2132291904747,
        "r2": 0.9958285161667346
      }
    },
    "delta": {
      "ok": false,
      "reason": "CCDF not linear enough (R²=0.968)",
      "fit": {
        "xmin": 0.0005112996801368091,
        "a_pdf": 3.1918655283312605,
        "B_ccdf": 2.1918655283312605,
        "ks": 0.008892607711020573,
        "n_tail": 11858,
        "se_B": 0.02012835037054635
      },
      "ccdf_powerlaw": {
        "B": 2.858311267745559,
        "r2": 0.9680810427926293
      },
      "ccdf_tempered": {
        "B": 1.853308944087597,
        "lam": 262.2410572009045,
        "r2": 0.9902771029761179
      }
    }
  },
  "norm": {
    "grad": {
      "ok": false,
      "reason": "CCDF not linear enough (R²=0.970)",
      "fit": {
        "xmin": 0.0004103699401472412,
        "a_pdf": 3.1563876661334995,
        "B_ccdf": 2.1563876661334995,
        "ks": 0.013717577454783969,
        "n_tail": 9919,
        "se_B": 0.021651744520839733
      },
      "ccdf_powerlaw": {
        "B": 2.6950634788285344,
        "r2": 0.9697834268315757
      },
      "ccdf_tempered": {
        "B": 1.8546870772385469,
        "lam": 247.92800918046785,
        "r2": 0.9887399000610237
      }
    },
    "noise": {
      "ok": false,
      "reason": "CCDF not linear enough (R²=0.971)",
      "fit": {
        "xmin": 0.00039470894262194633,
        "a_pdf": 3.2317425073597694,
        "B_ccdf": 2.2317425073597694,
        "ks": 0.012651386853280933,
        "n_tail": 9532,
        "se_B": 0.022858728454360627
      },
      "ccdf_powerlaw": {
        "B": 2.8494880530284012,
        "r2": 0.9709625141147018
      },
      "ccdf_tempered": {
        "B": 2.2038362955424415,
        "lam": 201.2661965651815,
        "r2": 0.9806555142567933
      }
    },
    "delta": {
      "ok": false,
      "reason": "CCDF not linear enough (R²=0.982)",
      "fit": {
        "xmin": 0.0005244644304466605,
        "a_pdf": 3.2110123846658025,
        "B_ccdf": 2.2110123846658025,
        "ks": 0.009337078963477463,
        "n_tail": 11082,
        "se_B": 0.021003037235234202
      },