{
  "all": {
    "grad": {
      "ok": false,
      "reason": "CCDF not linear enough (R²=0.985)",
      "fit": {
        "xmin": 5.1602720671196234e-05,
        "a_pdf": 2.5429498732892766,
        "B_ccdf": 1.5429498732892766,
        "ks": 0.018727066439241047,
        "n_tail": 16952,
        "se_B": 0.011850627447490247
      },
      "ccdf_powerlaw": {
        "B": 2.153274954344222,
        "r2": 0.9848420401626726
      },
      "ccdf_tempered": {
        "B": 1.6784933667067212,
        "lam": 735.0190666045188,
        "r2": 0.9973769280291135
      }
    },
    "noise": {
      "ok": false,
      "reason": "CCDF not linear enough (R²=0.981)",
      "fit": {
        "xmin": 4.599794265232058e-05,
        "a_pdf": 2.532923139546291,
        "B_ccdf": 1.5329231395462908,
        "ks": 0.016997075450211452,
        "n_tail": 19624,
        "se_B": 0.010942753401476556
      },
      "ccdf_powerlaw": {
        "B": 2.211203928719831,
        "r2": 0.9807982071693877
      },
      "ccdf_tempered": {
        "B": 1.6806018907791689,
        "lam": 795.4634412620713,
        "r2": 0.9973072525675947
      }
    },
    "delta": {
      "ok": false,
      "reason": "B_eff too noisy (MAD=0.39)",
      "fit": {
        "xmin": 7.675024073770532e-05,
        "a_pdf": 2.551947073208279,
        "B_ccdf": 1.5519470732082792,
        "ks": 0.02227958897774196,
        "n_tail": 16953,
        "se_B": 0.011919378889552438
      },
      "ccdf_powerlaw": {
        "B": 2.2068609770664933,
        "r2": 0.9883881344765902
      },
      "ccdf_tempered": {
        "B": 1.8156690196382363,
        "lam": 333.2134913674118,
        "r2": 0.9975655772483951
      }
    }
  },
  "decay": {
    "grad": {
      "ok": false,
      "reason": "CCDF not linear enough (R²=0.982)",
      "fit": {
        "xmin": 4.722392842657944e-05,
        "a_pdf": 2.5455766592041598,
        "B_ccdf": 1.5455766592041598,
        "ks": 0.013509856394777087,
        "n_tail": 19228,
        "se_B": 0.011146114338967074
      },
      "ccdf_powerlaw": {
        "B": 1.9850780750391737,
        "r2": 0.9822979766581698
      },
      "ccdf_tempered": {
        "B": 1.6646716703805475,
        "lam": 458.11092873884826,
        "r2": 0.9898732188903498
      }
    },
    "noise": {
      "ok": true,
      "reason": "clear-ish tail region",
      "fit": {
        "xmin": 4.791427718039497e-05,
        "a_pdf": 2.5678682783175413,
        "B_ccdf": 1.5678682783175413,
        "ks": 0.014816650798092745,
        "n_tail": 18477,
        "se_B": 0.011534369080477181
      },
      "ccdf_powerlaw": {
        "B": 2.0019278293331033,
        "r2": 0.9928710789673704
      },
      "ccdf_tempered": {
        "B": 1.7750304654269307,
        "lam": 329.0673714873544,
        "r2": 0.9964937404954962
      }
    },
    "delta": {
      "ok": false,
      "reason": "B_eff too noisy (MAD=0.32)",
      "fit": {
        "xmin": 7.001546189118873e-05,
        "a_pdf": 2.5416300763294593,
        "B_ccdf": 1.5416300763294593,
        "ks": 0.020547555035994314,
        "n_tail": 19230,
        "se_B": 0.011117074919728513
      },
      "ccdf_powerlaw": {
        "B": 2.161531285927925,
        "r2": 0.987886782133269
      },
      "ccdf_tempered": {
        "B": 1.7604555328611027,
        "lam": 368.4815824448496,
        "r2": 0.9980613042164791
      }
    }
  },
  "embed": {
    "grad": {
      "ok": false,
      "reason": "tail too small (n_tail=1388)",
      "fit": {
        "xmin": 0.0003343887152316595,
        "a_pdf": 3.3196754880872925,
        "B_ccdf": 2.3196754880872925,
        "ks": 0.013943098292227063,
        "n_tail": 1388,
        "se_B": 0.062263352386906265
      },
      "ccdf_powerlaw": {
        "B": 2.389733573550932,
        "r2": 0.9951184240616404
      },
      "ccdf_tempered": {
        "B": 2.146054587974483,
        "lam": 135.4434287201696,
        "r2": 0.9965439715523058
      }
    },
    "noise": {
      "ok": true,
      "reason": "clear-ish tail region",
      "fit": {
        "xmin": 0.0002642890207923246,
        "a_pdf": 3.2437887102069767,
        "B_ccdf": 2.2437887102069767,
        "ks": 0.014751064138359582,
        "n_tail": 2164,
        "se_B": 0.048234005691160674
      },
      "ccdf_powerlaw": {
        "B": 2.364591438649315,
        "r2": 0.9978619898921388
      },
      "ccdf_tempered": {
        "B": 2.1898737762050104,
        "lam": 120.77290506312093,
        "r2": 0.9986112557043717
      }
    },
    "delta": {
      "ok": true,
      "reason": "clear-ish tail region",
      "fit": {
        "xmin": 0.00032900591566208863,
        "a_pdf": 3.1042023939516876,
        "B_ccdf": 2.1042023939516876,
        "ks": 0.025646720888988672,
        "n_tail": 2939,
        "se_B": 0.038813938851532066
      },
      "ccdf_powerlaw": {
        "B": 2.3329300384548763,
        "r2": 0.9971312212253551
      },
      "ccdf_tempered": {
        "B": 2.271410432953455,
        "lam": 25.797349833268214,
        "r2": 0.9972576954597844
      }
    }
  },
  "no_decay": {
    "grad": {
      "ok": false,
      "reason": "CCDF not linear enough (R²=0.976)",
      "fit": {
        "xmin": 0.0005283500473086286,
        "a_pdf": 3.1792177961734347,
        "B_ccdf": 2.1792177961734347,
        "ks": 0.01227047239054746,
        "n_tail": 7205,
        "se_B": 0.025673415189434865
      },
      "ccdf_powerlaw": {
        "B": 2.5585257493020164,
        "r2": 0.9758422984823382
      },
      "ccdf_tempered": {
        "B": 1.6841292098420353,
        "lam": 230.15027934231335,
        "r2": 0.9963238758313034
      }
    },
    "noise": {
      "ok": false,
      "reason": "CCDF not linear enough (R²=0.980)",
      "fit": {
        "xmin": 0.0005010996016136808,
        "a_pdf": 3.193346089343851,
        "B_ccdf": 2.193346089343851,
        "ks": 0.012124265778982957,
        "n_tail": 7205,
        "se_B": 0.025839860937592333
      },
      "ccdf_powerlaw": {
        "B": 2.561707958640118,
        "r2": 0.9799738367678199
      },
      "ccdf_tempered": {
        "B": 1.8248379441034783,
        "lam": 195.34108494968075,
        "r2": 0.9951864301238087
      }
    },
    "delta": {
      "ok": false,
      "reason": "CCDF not linear enough (R²=0.965)",
      "fit": {
        "xmin": 0.0006574757729611855,
        "a_pdf": 3.166814093127889,
        "B_ccdf": 2.166814093127889,
        "ks": 0.011424786290821776,
        "n_tail": 8756,
        "se_B": 0.02315627908577726
      },
      "ccdf_powerlaw": {
        "B": 2.746178333625935,
        "r2": 0.9645430212398657
      },
      "ccdf_tempered": {
        "B": 1.4909115873669607,
        "lam": 303.7299439135295,
        "r2": 0.9965488551782685
      }
    }
  },
  "norm": {
    "grad": {
      "ok": false,
      "reason": "CCDF not linear enough (R²=0.980)",
      "fit": {
        "xmin": 0.0005291327723891151,
        "a_pdf": 3.2512420030534592,
        "B_ccdf": 2.2512420030534592,
        "ks": 0.012231370345492265,
        "n_tail": 7205,
        "se_B": 0.02652193403420914
      },
      "ccdf_powerlaw": {
        "B": 2.76648907461628,
        "r2": 0.9797500928106361
      },
      "ccdf_tempered": {
        "B": 2.0466324289683886,
        "lam": 189.47376917182402,
        "r2": 0.9916706324449106
      }
    },
    "noise": {
      "ok": true,
      "reason": "clear-ish tail region",
      "fit": {
        "xmin": 0.00051739453828694,
        "a_pdf": 3.2759665820698145,
        "B_ccdf": 2.2759665820698145,
        "ks": 0.011330333241483248,
        "n_tail": 6817,
        "se_B": 0.027565713244485653
      },
      "ccdf_powerlaw": {
        "B": 2.7259789638456935,
        "r2": 0.9872586030273077
      },
      "ccdf_tempered": {
        "B": 2.2072828548464463,
        "lam": 135.2561223190269,
        "r2": 0.993792962518102
      }
    },
    "delta": {
      "ok": false,
      "reason": "CCDF not linear enough (R²=0.973)",