{
  "all": {
    "grad": {
      "ok": false,
      "reason": "tail too small (n_tail=1386)",
      "fit": {
        "xmin": 0.00021098751448836098,
        "a_pdf": 3.1532626566701696,
        "B_ccdf": 2.1532626566701696,
        "ks": 0.015558166335327459,
        "n_tail": 1386,
        "se_B": 0.0578382832107707
      },
      "ccdf_powerlaw": {
        "B": 2.4944202062385705,
        "r2": 0.9811248708169618
      },
      "ccdf_tempered": {
        "B": 2.2111759202365158,
        "lam": 211.93812607257388,
        "r2": 0.9831956414793782
      }
    },
    "noise": {
      "ok": false,
      "reason": "tail too small (n_tail=1386)",
      "fit": {
        "xmin": 0.00018889743481924267,
        "a_pdf": 3.1460552542348212,
        "B_ccdf": 2.1460552542348212,
        "ks": 0.021436330904004208,
        "n_tail": 1386,
        "se_B": 0.05764468686432482
      },
      "ccdf_powerlaw": {
        "B": 2.299304879538059,
        "r2": 0.9920128144084596
      },
      "ccdf_tempered": null
    },
    "delta": {
      "ok": false,
      "reason": "tail too small (n_tail=1386)",
      "fit": {
        "xmin": 0.00027747557598299373,
        "a_pdf": 3.152195534342572,
        "B_ccdf": 2.152195534342572,
        "ks": 0.015992036887577554,
        "n_tail": 1386,
        "se_B": 0.05780961948820394
      },
      "ccdf_powerlaw": {
        "B": 1.9993298487913322,
        "r2": 0.9970584532556204
      },
      "ccdf_tempered": null
    }
  },
  "decay": {
    "grad": {
      "ok": false,
      "reason": "tail too small (n_tail=1385)",
      "fit": {
        "xmin": 0.00020719974373030126,
        "a_pdf": 3.1749928879953195,
        "B_ccdf": 2.1749928879953195,
        "ks": 0.02108776427348169,
        "n_tail": 1385,
        "se_B": 0.058443061017582336
      },
      "ccdf_powerlaw": {
        "B": 2.356158002231738,
        "r2": 0.9939970350945837
      },
      "ccdf_tempered": {
        "B": 2.239134823443427,
        "lam": 82.83713470639252,
        "r2": 0.9944234940089557
      }
    },
    "noise": {
      "ok": false,
      "reason": "tail too small (n_tail=1773)",
      "fit": {
        "xmin": 0.00016660976288388754,
        "a_pdf": 3.118579125256382,
        "B_ccdf": 2.118579125256382,
        "ks": 0.019295778573063638,
        "n_tail": 1773,
        "se_B": 0.05031417094682778
      },
      "ccdf_powerlaw": {
        "B": 2.274258469880133,
        "r2": 0.9880261580639095
      },
      "ccdf_tempered": null
    },
    "delta": {
      "ok": false,
      "reason": "tail too small (n_tail=1386)",
      "fit": {
        "xmin": 0.0002709028602349675,
        "a_pdf": 3.124253974003309,
        "B_ccdf": 2.124253974003309,
        "ks": 0.022073626862287865,
        "n_tail": 1386,
        "se_B": 0.057059087789134655
      },
      "ccdf_powerlaw": {
        "B": 2.437735428368109,
        "r2": 0.9698201220375207
      },
      "ccdf_tempered": {
        "B": 1.7206739999942553,
        "lam": 453.6858383879336,
        "r2": 0.9824498795280023
      }
    }
  },
  "embed": {
    "grad": {
      "ok": false,
      "reason": "CCDF not linear enough (R²=0.984)",
      "fit": {
        "xmin": 0.0002157157717248294,
        "a_pdf": 2.9479963045253723,
        "B_ccdf": 1.9479963045253723,
        "ks": 0.018606144619585957,
        "n_tail": 2552,
        "se_B": 0.03856095611341965
      },
      "ccdf_powerlaw": {
        "B": 2.277697270743459,
        "r2": 0.984218470351376
      },
      "ccdf_tempered": {
        "B": 1.9244038405937807,
        "lam": 179.49929413933182,
        "r2": 0.9891971661304829
      }
    },
    "noise": {
      "ok": true,
      "reason": "clear-ish tail region",
      "fit": {
        "xmin": 0.00020980488194737197,
        "a_pdf": 2.980113230057206,
        "B_ccdf": 1.980113230057206,
        "ks": 0.014796832699013357,
        "n_tail": 2552,
        "se_B": 0.03919671674245881
      },
      "ccdf_powerlaw": {
        "B": 2.087628817286918,
        "r2": 0.9937952908696511
      },
      "ccdf_tempered": null
    },
    "delta": {
      "ok": false,
      "reason": "tail too small (n_tail=1776)",
      "fit": {
        "xmin": 0.000381875592827372,
        "a_pdf": 3.115954332069466,
        "B_ccdf": 2.115954332069466,
        "ks": 0.012735574095098845,
        "n_tail": 1776,
        "se_B": 0.050209374323271806
      },
      "ccdf_powerlaw": {
        "B": 2.5495133336095575,
        "r2": 0.9586119747965913
      },
      "ccdf_tempered": {
        "B": 1.1997379963613568,
        "lam": 736.1193123321875,
        "r2": 0.9909270887695518
      }
    }
  },
  "no_decay": {
    "grad": {
      "ok": true,
      "reason": "clear-ish tail region",
      "fit": {
        "xmin": 0.0006539936875924468,
        "a_pdf": 3.3186111079455043,
        "B_ccdf": 2.3186111079455043,
        "ks": 0.011828257487370375,
        "n_tail": 3328,
        "se_B": 0.040191688642105226
      },
      "ccdf_powerlaw": {
        "B": 2.3448514668729503,
        "r2": 0.9941102408358012
      },
      "ccdf_tempered": {
        "B": 2.016568238983798,
        "lam": 75.68367257600505,
        "r2": 0.9973675598933204
      }
    },
    "noise": {
      "ok": false,
      "reason": "B_eff too noisy (MAD=0.27)",
      "fit": {
        "xmin": 0.0005535401955570065,
        "a_pdf": 3.584176647548539,
        "B_ccdf": 2.584176647548539,
        "ks": 0.0182608458289244,
        "n_tail": 2939,
        "se_B": 0.04766750321538179
      },
      "ccdf_powerlaw": {
        "B": 2.2927351241064393,
        "r2": 0.9941830755544795
      },
      "ccdf_tempered": null
    },
    "delta": {
      "ok": false,
      "reason": "B_eff too noisy (MAD=0.27)",
      "fit": {
        "xmin": 0.0007107666686975536,
        "a_pdf": 3.550243943970065,
        "B_ccdf": 2.550243943970065,
        "ks": 0.01836311146516656,
        "n_tail": 3715,
        "se_B": 0.04184102507357503
      },
      "ccdf_powerlaw": {
        "B": 2.4042308682907927,
        "r2": 0.991334188810404
      },
      "ccdf_tempered": {
        "B": 2.034261672310277,
        "lam": 82.8230307830965,
        "r2": 0.9950413641898499
      }
    }
  },
  "norm": {
    "grad": {
      "ok": true,
      "reason": "clear-ish tail region",
      "fit": {
        "xmin": 0.0005364737564244081,
        "a_pdf": 3.2179025671019637,
        "B_ccdf": 2.2179025671019637,
        "ks": 0.01645522952910672,
        "n_tail": 4878,
        "se_B": 0.03175569087039849
      },
      "ccdf_powerlaw": {
        "B": 2.289374624178615,
        "r2": 0.9947514398652589
      },
      "ccdf_tempered": {
        "B": 1.9614223086037104,
        "lam": 98.59773386262377,
        "r2": 0.9978892592274856
      }
    },
    "noise": {
      "ok": false,
      "reason": "CCDF not linear enough (R²=0.983)",
      "fit": {
        "xmin": 0.0005825345696375377,
        "a_pdf": 3.502273724250565,
        "B_ccdf": 2.502273724250565,
        "ks": 0.01701587233050117,
        "n_tail": 2552,
        "se_B": 0.04953298270660678
      },
      "ccdf_powerlaw": {
        "B": 2.5273365054173627,
        "r2": 0.9829808883814551
      },
      "ccdf_tempered": {
        "B": 1.7969881885284615,
        "lam": 273.23372604028054,
        "r2": 0.9923897835739192
      }
    },
    "delta": {
      "ok": true,
      "reason": "clear-ish tail region",
      "fit": {
        "xmin": 0.0007586220991429493,
        "a_pdf": 3.520391613978921,
        "B_ccdf": 2.520391613978921,
        "ks": 0.016236759984246008,
        "n_tail": 3327,
        "se_B": 0.04369599423491493
      },
      "ccdf_powerlaw": {
        "B": 2.5032516121884196,
        "r2": 0.9856687650609355
      },
      "ccdf_tempered": {
        "B": 2.1025282401921883,
        "lam": 88.0791328010765,
        "r2": 0.9895486542650487
      }
    }
  }
}