{
  "all": {
    "grad": {
      "ok": false,
      "reason": "CCDF not linear enough (R²=0.983)",
      "fit": {
        "xmin": 4.7422672238210404e-05,
        "a_pdf": 2.537187490717834,
        "B_ccdf": 1.5371874907178338,
        "ks": 0.015228358079615867,
        "n_tail": 18093,
        "se_B": 0.0114280346900115
      },
      "ccdf_powerlaw": {
        "B": 2.216650486722579,
        "r2": 0.982936460614128
      },
      "ccdf_tempered": {
        "B": 1.8037783231963622,
        "lam": 494.8806720583386,
        "r2": 0.993786958088992
      }
    },
    "noise": {
      "ok": false,
      "reason": "B_eff too noisy (MAD=0.48)",
      "fit": {
        "xmin": 4.3836186523549256e-05,
        "a_pdf": 2.5413557044096757,
        "B_ccdf": 1.5413557044096757,
        "ks": 0.014850006660254933,
        "n_tail": 19622,
        "se_B": 0.011003509895631113
      },
      "ccdf_powerlaw": {
        "B": 2.2154264253910676,
        "r2": 0.9873193803574791
      },
      "ccdf_tempered": {
        "B": 1.9077387992373684,
        "lam": 361.2516998771062,
        "r2": 0.9937312014609585
      }
    },
    "delta": {
      "ok": false,
      "reason": "B_eff too noisy (MAD=0.35)",
      "fit": {
        "xmin": 7.140296086376744e-05,
        "a_pdf": 2.5811409680143296,
        "B_ccdf": 1.5811409680143296,
        "ks": 0.019777967857900536,
        "n_tail": 17333,
        "se_B": 0.012009743252982359
      },
      "ccdf_powerlaw": {
        "B": 2.2462504938611705,
        "r2": 0.9878652667177078
      },
      "ccdf_tempered": {
        "B": 1.8846784444492073,
        "lam": 316.8647753454816,
        "r2": 0.9958023661655905
      }
    }
  },
  "decay": {
    "grad": {
      "ok": false,
      "reason": "CCDF not linear enough (R²=0.982)",
      "fit": {
        "xmin": 4.99355134421161e-05,
        "a_pdf": 2.5623152298667407,
        "B_ccdf": 1.5623152298667407,
        "ks": 0.01276022929530718,
        "n_tail": 16946,
        "se_B": 0.01200148717493381
      },
      "ccdf_powerlaw": {
        "B": 2.1804012869551834,
        "r2": 0.9821407969833496
      },
      "ccdf_tempered": {
        "B": 1.658264645248479,
        "lam": 698.3503229906581,
        "r2": 0.9983802609483221
      }
    },
    "noise": {
      "ok": false,
      "reason": "CCDF not linear enough (R²=0.981)",
      "fit": {
        "xmin": 4.796264082480256e-05,
        "a_pdf": 2.5718686942662354,
        "B_ccdf": 1.5718686942662354,
        "ks": 0.012117496642106873,
        "n_tail": 17334,
        "se_B": 0.011938970205900349
      },
      "ccdf_powerlaw": {
        "B": 2.167375365090415,
        "r2": 0.9807627457567001
      },
      "ccdf_tempered": {
        "B": 1.6184818205230587,
        "lam": 930.8856740394207,
        "r2": 0.9973000818827992
      }
    },
    "delta": {
      "ok": false,
      "reason": "B_eff too noisy (MAD=0.44)",
      "fit": {
        "xmin": 6.625536144847686e-05,
        "a_pdf": 2.559773465444165,
        "B_ccdf": 1.5597734654441648,
        "ks": 0.020020708736983306,
        "n_tail": 19229,
        "se_B": 0.0112482038448122
      },
      "ccdf_powerlaw": {
        "B": 2.188858133730315,
        "r2": 0.9858941913302601
      },
      "ccdf_tempered": {
        "B": 1.7573237251142566,
        "lam": 449.04146168063335,
        "r2": 0.996868273679597
      }
    }
  },
  "embed": {
    "grad": {
      "ok": false,
      "reason": "tail too small (n_tail=1388)",
      "fit": {
        "xmin": 0.00033228481504401125,
        "a_pdf": 3.283346983618353,
        "B_ccdf": 2.283346983618353,
        "ks": 0.01936142983972511,
        "n_tail": 1388,
        "se_B": 0.06128824423619507
      },
      "ccdf_powerlaw": {
        "B": 2.4360924265000095,
        "r2": 0.9945117992096102
      },
      "ccdf_tempered": {
        "B": 2.235038726494358,
        "lam": 110.57574752234787,
        "r2": 0.9954300535035576
      }
    },
    "noise": {
      "ok": false,
      "reason": "tail too small (n_tail=1388)",
      "fit": {
        "xmin": 0.00032226786902412214,
        "a_pdf": 3.250446556600814,
        "B_ccdf": 2.250446556600814,
        "ks": 0.02447009653454213,
        "n_tail": 1388,
        "se_B": 0.06040515050537248
      },
      "ccdf_powerlaw": {
        "B": 2.4553906738735156,
        "r2": 0.9935518231237195
      },
      "ccdf_tempered": {
        "B": 2.1529529838743993,
        "lam": 179.03113870384507,
        "r2": 0.9955548901928204
      }
    },
    "delta": {
      "ok": false,
      "reason": "tail too small (n_tail=1776)",
      "fit": {
        "xmin": 0.0004179600421879756,
        "a_pdf": 3.1858438550320036,
        "B_ccdf": 2.1858438550320036,
        "ks": 0.019045782518816445,
        "n_tail": 1776,
        "se_B": 0.051867779311752314
      },
      "ccdf_powerlaw": {
        "B": 2.7530625837618894,
        "r2": 0.9888958442203327
      },
      "ccdf_tempered": {
        "B": 2.085835163592217,
        "lam": 307.7378121399589,
        "r2": 0.996475913677797
      }
    }
  },
  "no_decay": {
    "grad": {
      "ok": false,
      "reason": "CCDF not linear enough (R²=0.965)",
      "fit": {
        "xmin": 0.00048614730687850013,
        "a_pdf": 3.313136577182057,
        "B_ccdf": 2.313136577182057,
        "ks": 0.017596524934999802,
        "n_tail": 7592,
        "se_B": 0.026547472302568226
      },
      "ccdf_powerlaw": {
        "B": 2.671253004831626,
        "r2": 0.965197169961777
      },
      "ccdf_tempered": {
        "B": 1.4385586030341166,
        "lam": 452.02054963633793,
        "r2": 0.993897061768012
      }
    },
    "noise": {
      "ok": false,
      "reason": "CCDF not linear enough (R²=0.974)",
      "fit": {
        "xmin": 0.00047679411041566983,
        "a_pdf": 3.341660800624889,
        "B_ccdf": 2.341660800624889,
        "ks": 0.017312696384667814,
        "n_tail": 6429,
        "se_B": 0.029204667967215693
      },
      "ccdf_powerlaw": {
        "B": 2.6584765140554616,
        "r2": 0.9744569404107292
      },
      "ccdf_tempered": {
        "B": 1.5712272506357163,
        "lam": 453.6775208846278,
        "r2": 0.9951480184465625
      }
    },
    "delta": {
      "ok": false,
      "reason": "CCDF not linear enough (R²=0.969)",
      "fit": {
        "xmin": 0.0006560526510797993,
        "a_pdf": 3.3504667374129355,
        "B_ccdf": 2.3504667374129355,
        "ks": 0.013249909472415888,
        "n_tail": 7205,
        "se_B": 0.02769090292146096
      },
      "ccdf_powerlaw": {
        "B": 2.751885740852632,
        "r2": 0.9689409924303249
      },
      "ccdf_tempered": {
        "B": 1.4806100563518279,
        "lam": 383.2810381261265,
        "r2": 0.9957236973189307
      }
    }
  },
  "norm": {
    "grad": {
      "ok": false,
      "reason": "CCDF not linear enough (R²=0.965)",
      "fit": {
        "xmin": 0.0004979451918233262,
        "a_pdf": 3.3302027539991577,
        "B_ccdf": 2.3302027539991577,
        "ks": 0.012970102519975768,
        "n_tail": 7205,
        "se_B": 0.02745217246483232
      },
      "ccdf_powerlaw": {
        "B": 2.6481236275872466,
        "r2": 0.9646869932603072
      },
      "ccdf_tempered": {
        "B": 1.4804773071106794,
        "lam": 468.2067362216111,
        "r2": 0.9887433002245293
      }
    },
    "noise": {
      "ok": false,
      "reason": "CCDF not linear enough (R²=0.958)",
      "fit": {
        "xmin": 0.0004316848582096339,
        "a_pdf": 3.3380965454253864,
        "B_ccdf": 2.3380965454253864,
        "ks": 0.014594821732743346,
        "n_tail": 7980,
        "se_B": 0.02617345135544614
      },
      "ccdf_powerlaw": {
        "B": 2.701386962217797,
        "r2": 0.9577140135158403
      },
      "ccdf_tempered": {
        "B": 1.411237429923182,
        "lam": 599.8840409192056,
        "r2": 0.9854305411563797
      }
    },
    "delta": {
      "ok": false,
      "reason": "CCDF not linear enough (R²=0.973)",