{
  "all": {
    "grad": {
      "ok": false,
      "reason": "B_eff too noisy (MAD=0.38)",
      "fit": {
        "xmin": 4.4021264329785515e-05,
        "a_pdf": 2.51908235303761,
        "B_ccdf": 1.5190823530376099,
        "ks": 0.01649103062943036,
        "n_tail": 19546,
        "se_B": 0.01086556643183855
      },
      "ccdf_powerlaw": {
        "B": 2.0908127554308247,
        "r2": 0.9874676482437539
      },
      "ccdf_tempered": {
        "B": 1.7296799305012915,
        "lam": 460.764913315498,
        "r2": 0.9971079336907942
      }
    },
    "noise": {
      "ok": false,
      "reason": "B_eff too noisy (MAD=0.34)",
      "fit": {
        "xmin": 4.638484720739403e-05,
        "a_pdf": 2.5543703231558914,
        "B_ccdf": 1.5543703231558914,
        "ks": 0.01518697760179516,
        "n_tail": 17661,
        "se_B": 0.011696255605672976
      },
      "ccdf_powerlaw": {
        "B": 2.1260822269202886,
        "r2": 0.9885385269324258
      },
      "ccdf_tempered": {
        "B": 1.7592815165085858,
        "lam": 468.7702322950205,
        "r2": 0.9976693437380731
      }
    },
    "delta": {
      "ok": false,
      "reason": "B_eff too noisy (MAD=0.47)",
      "fit": {
        "xmin": 7.244955399073661e-05,
        "a_pdf": 2.5856496698881886,
        "B_ccdf": 1.5856496698881886,
        "ks": 0.021094665382847655,
        "n_tail": 16896,
        "se_B": 0.012198748877338992
      },
      "ccdf_powerlaw": {
        "B": 2.266208798791882,
        "r2": 0.9877152759218553
      },
      "ccdf_tempered": {
        "B": 1.969442246277051,
        "lam": 233.88828193732326,
        "r2": 0.9932324753876732
      }
    }
  },
  "decay": {
    "grad": {
      "ok": false,
      "reason": "CCDF not linear enough (R²=0.976)",
      "fit": {
        "xmin": 5.432897393190189e-05,
        "a_pdf": 2.5541104436694746,
        "B_ccdf": 1.5541104436694746,
        "ks": 0.017225724951830834,
        "n_tail": 14613,
        "se_B": 0.012856187175749585
      },
      "ccdf_powerlaw": {
        "B": 2.2646519720613263,
        "r2": 0.9764475875616994
      },
      "ccdf_tempered": {
        "B": 1.620372771548309,
        "lam": 969.1790792862511,
        "r2": 0.9968989791909552
      }
    },
    "noise": {
      "ok": false,
      "reason": "CCDF not linear enough (R²=0.978)",
      "fit": {
        "xmin": 5.134453550509738e-05,
        "a_pdf": 2.5773496361276718,
        "B_ccdf": 1.5773496361276718,
        "ks": 0.015220498589142428,
        "n_tail": 15380,
        "se_B": 0.012718907304851122
      },
      "ccdf_powerlaw": {
        "B": 2.2830101492712562,
        "r2": 0.9782836819643989
      },
      "ccdf_tempered": {
        "B": 1.7180936256888752,
        "lam": 832.428023380566,
        "r2": 0.9945130040543458
      }
    },
    "delta": {
      "ok": false,
      "reason": "CCDF not linear enough (R²=0.979)",
      "fit": {
        "xmin": 8.780866272733262e-05,
        "a_pdf": 2.639357556983839,
        "B_ccdf": 1.639357556983839,
        "ks": 0.022044119253144312,
        "n_tail": 12721,
        "se_B": 0.014534933886761433
      },
      "ccdf_powerlaw": {
        "B": 2.3260746596287594,
        "r2": 0.9791076653568708
      },
      "ccdf_tempered": {
        "B": 1.7023757802222936,
        "lam": 575.8621217216479,
        "r2": 0.9973861188008255
      }
    }
  },
  "embed": {
    "grad": {
      "ok": false,
      "reason": "tail too small (n_tail=1000)",
      "fit": {
        "xmin": 0.0003907096364127944,
        "a_pdf": 3.357411767922135,
        "B_ccdf": 2.357411767922135,
        "ks": 0.023620464324951185,
        "n_tail": 1000,
        "se_B": 0.07454790569518212
      },
      "ccdf_powerlaw": {
        "B": 2.3727644066906195,
        "r2": 0.9925924576162857
      },
      "ccdf_tempered": null
    },
    "noise": {
      "ok": false,
      "reason": "tail too small (n_tail=1388)",
      "fit": {
        "xmin": 0.00032728072223776764,
        "a_pdf": 3.3175535610245666,
        "B_ccdf": 2.3175535610245666,
        "ks": 0.029618788693068,
        "n_tail": 1388,
        "se_B": 0.06220639688036049
      },
      "ccdf_powerlaw": {
        "B": 2.4060880797406328,
        "r2": 0.9937135494424753
      },
      "ccdf_tempered": null
    },
    "delta": {
      "ok": true,
      "reason": "clear-ish tail region",
      "fit": {
        "xmin": 0.0003816289298369418,
        "a_pdf": 3.230832383239079,
        "B_ccdf": 2.230832383239079,
        "ks": 0.012544600227623881,
        "n_tail": 2164,
        "se_B": 0.047955487689058565
      },
      "ccdf_powerlaw": {
        "B": 2.4879552514493586,
        "r2": 0.9922116842994244
      },
      "ccdf_tempered": {
        "B": 2.113858079066887,
        "lam": 164.92276149799454,
        "r2": 0.9955262520919855
      }
    }
  },
  "no_decay": {
    "grad": {
      "ok": false,
      "reason": "CCDF not linear enough (R²=0.977)",
      "fit": {
        "xmin": 0.0004929452543313203,
        "a_pdf": 3.2706322070232865,
        "B_ccdf": 2.2706322070232865,
        "ks": 0.008545183149166857,
        "n_tail": 6817,
        "se_B": 0.02750110515488119
      },
      "ccdf_powerlaw": {
        "B": 2.6321607947643364,
        "r2": 0.9774095442904073
      },
      "ccdf_tempered": {
        "B": 1.7099732426468137,
        "lam": 349.2926441705745,
        "r2": 0.9935179431678252
      }
    },
    "noise": {
      "ok": true,
      "reason": "clear-ish tail region",
      "fit": {
        "xmin": 0.00045452845360066836,
        "a_pdf": 3.3141124030262508,
        "B_ccdf": 2.3141124030262508,
        "ks": 0.014371138864446964,
        "n_tail": 6817,
        "se_B": 0.028027722120294515
      },
      "ccdf_powerlaw": {
        "B": 2.565857201236005,
        "r2": 0.9883343716840274
      },
      "ccdf_tempered": {
        "B": 1.8580033728334995,
        "lam": 285.3337098876075,
        "r2": 0.9986029951245607
      }
    },
    "delta": {
      "ok": false,
      "reason": "CCDF not linear enough (R²=0.965)",
      "fit": {
        "xmin": 0.0006158862817243733,
        "a_pdf": 3.2873730470574545,
        "B_ccdf": 2.2873730470574545,
        "ks": 0.012100630992330719,
        "n_tail": 7592,
        "se_B": 0.02625178868010246
      },
      "ccdf_powerlaw": {
        "B": 2.6981065691298927,
        "r2": 0.965245838696063
      },
      "ccdf_tempered": {
        "B": 1.364883677246214,
        "lam": 447.9480317041925,
        "r2": 0.9943242736318212
      }
    }
  },
  "norm": {
    "grad": {
      "ok": false,
      "reason": "CCDF not linear enough (R²=0.964)",
      "fit": {
        "xmin": 0.0005749504773685123,
        "a_pdf": 3.295707445143092,
        "B_ccdf": 2.295707445143092,
        "ks": 0.00935053358609772,
        "n_tail": 4878,
        "se_B": 0.032869692762064785
      },
      "ccdf_powerlaw": {
        "B": 2.9227082873471306,
        "r2": 0.964367179531626
      },
      "ccdf_tempered": {
        "B": 1.3988967599731161,
        "lam": 568.441729378925,
        "r2": 0.9954568954942531
      }
    },
    "noise": {
      "ok": false,
      "reason": "CCDF not linear enough (R²=0.966)",
      "fit": {
        "xmin": 0.000494909912855031,
        "a_pdf": 3.357413671477767,
        "B_ccdf": 2.357413671477767,
        "ks": 0.013261460608545494,
        "n_tail": 5654,
        "se_B": 0.0313514690627576
      },
      "ccdf_powerlaw": {
        "B": 2.8534929984288295,
        "r2": 0.9657987510219226
      },
      "ccdf_tempered": {
        "B": 1.552707371034013,
        "lam": 510.5350323648644,
        "r2": 0.9920063868961142
      }
    },
    "delta": {
      "ok": false,
      "reason": "CCDF not linear enough (R²=0.975)",
      "fit": {
        "xmin": 0.0006069945097468527,
        "a_pdf": 3.289050499470633,
        "B_ccdf": 2.289050499470633,
        "ks": 0.011128572832074135,
        "n_tail": 7980,
        "se_B": 0.025624413164322103
      },