{
  "all": {
    "grad": {
      "ok": false,
      "reason": "CCDF not linear enough (R²=0.975)",
      "fit": {
        "xmin": 4.672024654740067e-05,
        "a_pdf": 2.506697573900849,
        "B_ccdf": 1.506697573900849,
        "ks": 0.017058686579549398,
        "n_tail": 19167,
        "se_B": 0.010883009732122967
      },
      "ccdf_powerlaw": {
        "B": 2.278833178182506,
        "r2": 0.9750502023426424
      },
      "ccdf_tempered": {
        "B": 1.7111366184490473,
        "lam": 754.4362880905,
        "r2": 0.9937603430105284
      }
    },
    "noise": {
      "ok": false,
      "reason": "CCDF not linear enough (R²=0.972)",
      "fit": {
        "xmin": 4.762906224381628e-05,
        "a_pdf": 2.5242653165008613,
        "B_ccdf": 1.5242653165008613,
        "ks": 0.01848576141738001,
        "n_tail": 18423,
        "se_B": 0.01123001642992162
      },
      "ccdf_powerlaw": {
        "B": 2.330228931758036,
        "r2": 0.9724807458007287
      },
      "ccdf_tempered": {
        "B": 1.7837420089925253,
        "lam": 713.4533436237361,
        "r2": 0.9891311305694087
      }
    },
    "delta": {
      "ok": false,
      "reason": "CCDF not linear enough (R²=0.983)",
      "fit": {
        "xmin": 0.0002670250446220846,
        "a_pdf": 2.9900850538542585,
        "B_ccdf": 1.9900850538542585,
        "ks": 0.02503233770417901,
        "n_tail": 2494,
        "se_B": 0.03984954926235721
      },
      "ccdf_powerlaw": {
        "B": 2.6388417891887044,
        "r2": 0.9833064655226276
      },
      "ccdf_tempered": {
        "B": 1.7904697293261373,
        "lam": 556.1233276056187,
        "r2": 0.9976375300760866
      }
    }
  },
  "decay": {
    "grad": {
      "ok": false,
      "reason": "B_eff too noisy (MAD=0.27)",
      "fit": {
        "xmin": 5.4627535164956706e-05,
        "a_pdf": 2.542485484547561,
        "B_ccdf": 1.5424854845475608,
        "ks": 0.015874359263929494,
        "n_tail": 15369,
        "se_B": 0.012442231585061966
      },
      "ccdf_powerlaw": {
        "B": 2.0061283511212387,
        "r2": 0.9925677400446141
      },
      "ccdf_tempered": {
        "B": 1.7814818269965687,
        "lam": 248.77429749263626,
        "r2": 0.996468200409309
      }
    },
    "noise": {
      "ok": false,
      "reason": "B_eff too noisy (MAD=0.25)",
      "fit": {
        "xmin": 4.7500130032710174e-05,
        "a_pdf": 2.533237508157309,
        "B_ccdf": 1.5332375081573089,
        "ks": 0.015618177399569277,
        "n_tail": 18415,
        "se_B": 0.011298572414491496
      },
      "ccdf_powerlaw": {
        "B": 2.038241229332159,
        "r2": 0.9905373707967553
      },
      "ccdf_tempered": {
        "B": 1.7731078234322144,
        "lam": 310.2313870778641,
        "r2": 0.9959726697357747
      }
    },
    "delta": {
      "ok": false,
      "reason": "B_eff too noisy (MAD=0.40)",
      "fit": {
        "xmin": 0.00010657294400330946,
        "a_pdf": 2.6316849611805293,
        "B_ccdf": 1.6316849611805293,
        "ks": 0.021980667714469215,
        "n_tail": 10447,
        "se_B": 0.015963955680679567
      },
      "ccdf_powerlaw": {
        "B": 2.2011738561893255,
        "r2": 0.9905993011364698
      },
      "ccdf_tempered": {
        "B": 1.8400623467939539,
        "lam": 299.37468141508623,
        "r2": 0.9972756260519396
      }
    }
  },
  "embed": {
    "grad": {
      "ok": false,
      "reason": "tail too small (n_tail=1388)",
      "fit": {
        "xmin": 0.00033055985976029607,
        "a_pdf": 3.2272799927288456,
        "B_ccdf": 2.2272799927288456,
        "ks": 0.019895247664163035,
        "n_tail": 1388,
        "se_B": 0.05978332735064168
      },
      "ccdf_powerlaw": {
        "B": 2.4361420361475967,
        "r2": 0.9920543031165171
      },
      "ccdf_tempered": {
        "B": 2.164574288605338,
        "lam": 136.448594280895,
        "r2": 0.9939489317319669
      }
    },
    "noise": {
      "ok": false,
      "reason": "tail too small (n_tail=1388)",
      "fit": {
        "xmin": 0.0003248989915270935,
        "a_pdf": 3.2354979624826274,
        "B_ccdf": 2.2354979624826274,
        "ks": 0.01941283549630335,
        "n_tail": 1388,
        "se_B": 0.06000390921621399
      },
      "ccdf_powerlaw": {
        "B": 2.516334698464284,
        "r2": 0.981968135171202
      },
      "ccdf_tempered": {
        "B": 2.200406425180736,
        "lam": 163.1377729736358,
        "r2": 0.984317813673908
      }
    },
    "delta": {
      "ok": false,
      "reason": "tail too small (n_tail=1388)",
      "fit": {
        "xmin": 0.00047532037142854444,
        "a_pdf": 3.3795215214880043,
        "B_ccdf": 2.3795215214880043,
        "ks": 0.01425509184856577,
        "n_tail": 1388,
        "se_B": 0.06386970408813476
      },
      "ccdf_powerlaw": {
        "B": 2.4240945141481887,
        "r2": 0.9947832042652285
      },
      "ccdf_tempered": {
        "B": 2.278150646958751,
        "lam": 53.62062637101744,
        "r2": 0.9953163652366672
      }
    }
  },
  "no_decay": {
    "grad": {
      "ok": false,
      "reason": "CCDF not linear enough (R²=0.981)",
      "fit": {
        "xmin": 0.0004470400728834127,
        "a_pdf": 2.9946639296543696,
        "B_ccdf": 1.9946639296543696,
        "ks": 0.008784809207355915,
        "n_tail": 9531,
        "se_B": 0.02043151164141893
      },
      "ccdf_powerlaw": {
        "B": 2.486802578876261,
        "r2": 0.9809827739631569
      },
      "ccdf_tempered": {
        "B": 2.0019639983922746,
        "lam": 112.20799913861694,
        "r2": 0.9894299213476944
      }
    },
    "noise": {
      "ok": false,
      "reason": "CCDF not linear enough (R²=0.985)",
      "fit": {
        "xmin": 0.00039852154441177845,
        "a_pdf": 3.010711500919186,
        "B_ccdf": 2.010711500919186,
        "ks": 0.007665355821924291,
        "n_tail": 10695,
        "se_B": 0.019442825015763845
      },
      "ccdf_powerlaw": {
        "B": 2.470462028617276,
        "r2": 0.9849184544280885
      },
      "ccdf_tempered": {
        "B": 2.0263912675023548,
        "lam": 106.31748722910172,
        "r2": 0.992361562538768
      }
    },
    "delta": {
      "ok": false,
      "reason": "CCDF not linear enough (R²=0.968)",
      "fit": {
        "xmin": 0.0005890008512105108,
        "a_pdf": 3.0277939266302925,
        "B_ccdf": 2.0277939266302925,
        "ks": 0.00761468567223067,
        "n_tail": 10694,
        "se_B": 0.01960892241104008
      },
      "ccdf_powerlaw": {
        "B": 2.7407881696028134,
        "r2": 0.9684384122795155
      },
      "ccdf_tempered": {
        "B": 1.7410057570287838,
        "lam": 214.26864251479932,
        "r2": 0.992945331696886
      }
    }
  },
  "norm": {
    "grad": {
      "ok": true,
      "reason": "clear-ish tail region",
      "fit": {
        "xmin": 0.0005872625902791658,
        "a_pdf": 3.07177595590285,
        "B_ccdf": 2.07177595590285,
        "ks": 0.010992301893521017,
        "n_tail": 5654,
        "se_B": 0.02755274586396061
      },
      "ccdf_powerlaw": {
        "B": 2.527681432667005,
        "r2": 0.9859608979186497
      },
      "ccdf_tempered": {
        "B": 2.4135738542831984,
        "lam": 23.78641885992313,
        "r2": 0.9863510040537392
      }
    },
    "noise": {
      "ok": false,
      "reason": "B_eff too noisy (MAD=0.26)",
      "fit": {
        "xmin": 0.00046666861771622485,
        "a_pdf": 3.053327329452253,
        "B_ccdf": 2.053327329452253,
        "ks": 0.008818161308317252,
        "n_tail": 7980,
        "se_B": 0.022985647482939544
      },
      "ccdf_powerlaw": {
        "B": 2.4571340177523613,
        "r2": 0.9895405651966805
      },
      "ccdf_tempered": {
        "B": 2.368829241254191,
        "lam": 20.215997610009282,
        "r2": 0.9898199631808807
      }
    },
    "delta": {
      "ok": false,
      "reason": "B_eff too noisy (MAD=0.33)",
      "fit": {
        "xmin": 0.0007069070391328451,