{
  "all": {
    "grad": {
      "ok": false,
      "reason": "tail too small (n_tail=1385)",
      "fit": {
        "xmin": 0.00020472923022272225,
        "a_pdf": 3.2022817632276137,
        "B_ccdf": 2.2022817632276137,
        "ks": 0.018774381527401462,
        "n_tail": 1385,
        "se_B": 0.05917632566828753
      },
      "ccdf_powerlaw": {
        "B": 2.4217782619782335,
        "r2": 0.9694097940335745
      },
      "ccdf_tempered": {
        "B": 1.647715351476669,
        "lam": 664.2449361184684,
        "r2": 0.9837148231793649
      }
    },
    "noise": {
      "ok": false,
      "reason": "CCDF not linear enough (R²=0.980)",
      "fit": {
        "xmin": 2.676881067600338e-05,
        "a_pdf": 2.302265710575176,
        "B_ccdf": 1.3022657105751758,
        "ks": 0.0285818111887558,
        "n_tail": 19965,
        "se_B": 0.009216477097277544
      },
      "ccdf_powerlaw": {
        "B": 2.04193514496322,
        "r2": 0.9800550634803364
      },
      "ccdf_tempered": {
        "B": 1.8449524444610774,
        "lam": 232.98871049646914,
        "r2": 0.9838899803788637
      }
    },
    "delta": {
      "ok": true,
      "reason": "clear-ish tail region",
      "fit": {
        "xmin": 0.00021762456431597606,
        "a_pdf": 3.018717608145578,
        "B_ccdf": 2.018717608145578,
        "ks": 0.020234514961313343,
        "n_tail": 2159,
        "se_B": 0.043445945190709434
      },
      "ccdf_powerlaw": {
        "B": 2.037887191007959,
        "r2": 0.9970035568735817
      },
      "ccdf_tempered": null
    }
  },
  "decay": {
    "grad": {
      "ok": false,
      "reason": "CCDF not linear enough (R²=0.982)",
      "fit": {
        "xmin": 2.9375327095684562e-05,
        "a_pdf": 2.3001397899989637,
        "B_ccdf": 1.3001397899989637,
        "ks": 0.030859278572388626,
        "n_tail": 19565,
        "se_B": 0.009295015615068238
      },
      "ccdf_powerlaw": {
        "B": 2.095881668715295,
        "r2": 0.9818587395116879
      },
      "ccdf_tempered": {
        "B": 1.7817116662678218,
        "lam": 411.8202336316315,
        "r2": 0.9903269547213449
      }
    },
    "noise": {
      "ok": false,
      "reason": "CCDF not linear enough (R²=0.983)",
      "fit": {
        "xmin": 2.6969375539920293e-05,
        "a_pdf": 2.3180797389416115,
        "B_ccdf": 1.3180797389416115,
        "ks": 0.025477283465745293,
        "n_tail": 19964,
        "se_B": 0.009328630764689875
      },
      "ccdf_powerlaw": {
        "B": 2.047212094368107,
        "r2": 0.9833394007676075
      },
      "ccdf_tempered": {
        "B": 1.8888107508854453,
        "lam": 187.30742729109656,
        "r2": 0.9858658048379966
      }
    },
    "delta": {
      "ok": false,
      "reason": "tail too small (n_tail=1772)",
      "fit": {
        "xmin": 0.00023538892056106122,
        "a_pdf": 3.1012080239837414,
        "B_ccdf": 2.1012080239837414,
        "ks": 0.0187159114712786,
        "n_tail": 1772,
        "se_B": 0.04991570298106086
      },
      "ccdf_powerlaw": {
        "B": 2.271539902326789,
        "r2": 0.99005334665431
      },
      "ccdf_tempered": {
        "B": 1.8828594574967403,
        "lam": 294.3932324596303,
        "r2": 0.9942184578391803
      }
    }
  },
  "embed": {
    "grad": {
      "ok": true,
      "reason": "clear-ish tail region",
      "fit": {
        "xmin": 0.00020910845516333896,
        "a_pdf": 2.956287706828737,
        "B_ccdf": 1.956287706828737,
        "ks": 0.015290187257210652,
        "n_tail": 2552,
        "se_B": 0.038725085993746425
      },
      "ccdf_powerlaw": {
        "B": 1.9850348755937144,
        "r2": 0.9872287073339295
      },
      "ccdf_tempered": null
    },
    "noise": {
      "ok": false,
      "reason": "tail too small (n_tail=1000)",
      "fit": {
        "xmin": 0.0003240937199734617,
        "a_pdf": 2.935819273122548,
        "B_ccdf": 1.935819273122548,
        "ks": 0.012220961093902583,
        "n_tail": 1000,
        "se_B": 0.06121598041518824
      },
      "ccdf_powerlaw": {
        "B": 2.000654579808165,
        "r2": 0.9863914220067269
      },
      "ccdf_tempered": null
    },
    "delta": {
      "ok": false,
      "reason": "CCDF not linear enough (R²=0.982)",
      "fit": {
        "xmin": 0.0003429762580270443,
        "a_pdf": 3.078140723075062,
        "B_ccdf": 2.078140723075062,
        "ks": 0.013326942259635155,
        "n_tail": 2164,
        "se_B": 0.04467312408154019
      },
      "ccdf_powerlaw": {
        "B": 2.347361293617818,
        "r2": 0.9815911231387334
      },
      "ccdf_tempered": {
        "B": 1.692877504402427,
        "lam": 323.8067744780675,
        "r2": 0.9928612462887378
      }
    }
  },
  "no_decay": {
    "grad": {
      "ok": true,
      "reason": "clear-ish tail region",
      "fit": {
        "xmin": 0.0005789973821291439,
        "a_pdf": 3.568956773245076,
        "B_ccdf": 2.568956773245076,
        "ks": 0.012873784241092312,
        "n_tail": 3715,
        "se_B": 0.04214804039293087
      },
      "ccdf_powerlaw": {
        "B": 2.439576027979237,
        "r2": 0.9951819481791503
      },
      "ccdf_tempered": null
    },
    "noise": {
      "ok": false,
      "reason": "B_eff too noisy (MAD=0.26)",
      "fit": {
        "xmin": 0.0005722406091006968,
        "a_pdf": 3.741483279181588,
        "B_ccdf": 2.741483279181588,
        "ks": 0.02047903728335626,
        "n_tail": 2552,
        "se_B": 0.05426818119141771
      },
      "ccdf_powerlaw": {
        "B": 2.2841143813295273,
        "r2": 0.993009812843924
      },
      "ccdf_tempered": null
    },
    "delta": {
      "ok": true,
      "reason": "clear-ish tail region",
      "fit": {
        "xmin": 0.0006740490213269369,
        "a_pdf": 3.607539697131765,
        "B_ccdf": 2.607539697131765,
        "ks": 0.023814372411449458,
        "n_tail": 4103,
        "se_B": 0.04070803791625769
      },
      "ccdf_powerlaw": {
        "B": 2.4941811312633235,
        "r2": 0.9934221885362586
      },
      "ccdf_tempered": {
        "B": 2.3929911374041795,
        "lam": 28.924875623306473,
        "r2": 0.9936379327911644
      }
    }
  },
  "norm": {
    "grad": {
      "ok": true,
      "reason": "clear-ish tail region",
      "fit": {
        "xmin": 0.000675239418936201,
        "a_pdf": 3.5984700138182877,
        "B_ccdf": 2.5984700138182877,
        "ks": 0.01606935505582996,
        "n_tail": 2552,
        "se_B": 0.05143720649372457
      },
      "ccdf_powerlaw": {
        "B": 2.47818691556422,
        "r2": 0.9982829739480757
      },
      "ccdf_tempered": {
        "B": 2.464214626313952,
        "lam": 3.8213801039117747,
        "r2": 0.9982873211426753
      }
    },
    "noise": {
      "ok": true,
      "reason": "clear-ish tail region",
      "fit": {
        "xmin": 0.00048491143521719776,
        "a_pdf": 3.6388361168912224,
        "B_ccdf": 2.6388361168912224,
        "ks": 0.022818704793783784,
        "n_tail": 3715,
        "se_B": 0.04329452811483553
      },
      "ccdf_powerlaw": {
        "B": 2.506991342039823,
        "r2": 0.9954444738076518
      },
      "ccdf_tempered": null
    },
    "delta": {
      "ok": false,
      "reason": "CCDF not linear enough (R²=0.984)",
      "fit": {
        "xmin": 0.0007824706145543257,
        "a_pdf": 3.7035817875362285,
        "B_ccdf": 2.7035817875362285,
        "ks": 0.015876654379624933,
        "n_tail": 2939,
        "se_B": 0.0498700402980134
      },
      "ccdf_powerlaw": {
        "B": 2.5701224702265772,
        "r2": 0.9836516905383673
      },
      "ccdf_tempered": {
        "B": 2.0552982600522105,
        "lam": 136.15951450601938,
        "r2": 0.9884981646515408
      }
    }
  }
}