{
  "all": {
    "grad": {
      "ok": false,
      "reason": "tail too small (n_tail=1385)",
      "fit": {
        "xmin": 0.00020051636548988464,
        "a_pdf": 3.105467480727117,
        "B_ccdf": 2.105467480727117,
        "ks": 0.024552560282958547,
        "n_tail": 1385,
        "se_B": 0.05657488129080038
      },
      "ccdf_powerlaw": {
        "B": 2.0933640825814006,
        "r2": 0.9895886336862899
      },
      "ccdf_tempered": {
        "B": 1.896261587140725,
        "lam": 172.34586045830883,
        "r2": 0.9908874456580093
      }
    },
    "noise": {
      "ok": false,
      "reason": "tail too small (n_tail=1386)",
      "fit": {
        "xmin": 0.00018406745785258213,
        "a_pdf": 3.147480362162919,
        "B_ccdf": 2.147480362162919,
        "ks": 0.02094218164983422,
        "n_tail": 1386,
        "se_B": 0.05768296635414735
      },
      "ccdf_powerlaw": {
        "B": 2.1445202585094005,
        "r2": 0.9960213879825633
      },
      "ccdf_tempered": {
        "B": 1.9710686900839596,
        "lam": 183.0490544890186,
        "r2": 0.9968388406623149
      }
    },
    "delta": {
      "ok": false,
      "reason": "tail too small (n_tail=1772)",
      "fit": {
        "xmin": 0.00024145103315555383,
        "a_pdf": 3.0956103876342995,
        "B_ccdf": 2.0956103876342995,
        "ks": 0.014410922812554405,
        "n_tail": 1772,
        "se_B": 0.04978272711659362
      },
      "ccdf_powerlaw": {
        "B": 1.9917333606590752,
        "r2": 0.9939083387217513
      },
      "ccdf_tempered": {
        "B": 1.9034630204253276,
        "lam": 43.55326007339559,
        "r2": 0.9942920101788554
      }
    }
  },
  "decay": {
    "grad": {
      "ok": false,
      "reason": "tail too small (n_tail=1772)",
      "fit": {
        "xmin": 0.00017804560201641626,
        "a_pdf": 3.1122717076367716,
        "B_ccdf": 2.1122717076367716,
        "ks": 0.033687987123063146,
        "n_tail": 1772,
        "se_B": 0.050178528717873934
      },
      "ccdf_powerlaw": {
        "B": 2.143878730249617,
        "r2": 0.9938244742554931
      },
      "ccdf_tempered": null
    },
    "noise": {
      "ok": false,
      "reason": "tail too small (n_tail=1386)",
      "fit": {
        "xmin": 0.00018562634562840634,
        "a_pdf": 3.165426129783346,
        "B_ccdf": 2.165426129783346,
        "ks": 0.025530393935557227,
        "n_tail": 1386,
        "se_B": 0.05816500340933412
      },
      "ccdf_powerlaw": {
        "B": 2.2928756140603364,
        "r2": 0.9956003136573629
      },
      "ccdf_tempered": {
        "B": 2.1359545431188436,
        "lam": 129.16389033990805,
        "r2": 0.9963648593307834
      }
    },
    "delta": {
      "ok": false,
      "reason": "tail too small (n_tail=1385)",
      "fit": {
        "xmin": 0.00027227161828742173,
        "a_pdf": 3.201621092245392,
        "B_ccdf": 2.201621092245392,
        "ks": 0.02523696573202361,
        "n_tail": 1385,
        "se_B": 0.05915857313459436
      },
      "ccdf_powerlaw": {
        "B": 2.2247646068290603,
        "r2": 0.9938523512397687
      },
      "ccdf_tempered": {
        "B": 1.999026425535002,
        "lam": 121.60453286244557,
        "r2": 0.9955533534369994
      }
    }
  },
  "embed": {
    "grad": {
      "ok": true,
      "reason": "clear-ish tail region",
      "fit": {
        "xmin": 0.00021251771479966332,
        "a_pdf": 2.980348629152675,
        "B_ccdf": 1.980348629152675,
        "ks": 0.012504770837981127,
        "n_tail": 2552,
        "se_B": 0.039201376512176256
      },
      "ccdf_powerlaw": {
        "B": 2.0418677440123583,
        "r2": 0.9964990950837522
      },
      "ccdf_tempered": {
        "B": 1.9119387423337288,
        "lam": 68.01346099878464,
        "r2": 0.9973593244840107
      }
    },
    "noise": {
      "ok": false,
      "reason": "tail too small (n_tail=1388)",
      "fit": {
        "xmin": 0.00028482855693199693,
        "a_pdf": 3.031123601787811,
        "B_ccdf": 2.031123601787811,
        "ks": 0.014239434721834032,
        "n_tail": 1388,
        "se_B": 0.05451821395231199
      },
      "ccdf_powerlaw": {
        "B": 2.0725421520624856,
        "r2": 0.9960591272104915
      },
      "ccdf_tempered": {
        "B": 1.8920110276681128,
        "lam": 84.30307314357421,
        "r2": 0.9974463612146214
      }
    },
    "delta": {
      "ok": false,
      "reason": "tail too small (n_tail=1388)",
      "fit": {
        "xmin": 0.00042271306200133713,
        "a_pdf": 3.1054144471977407,
        "B_ccdf": 2.1054144471977407,
        "ks": 0.016794159192516755,
        "n_tail": 1388,
        "se_B": 0.056512284722397894
      },
      "ccdf_powerlaw": {
        "B": 2.484181167004996,
        "r2": 0.9630404103209528
      },
      "ccdf_tempered": {
        "B": 1.6443308844005093,
        "lam": 329.1336143521293,
        "r2": 0.9794355475843441
      }
    }
  },
  "no_decay": {
    "grad": {
      "ok": true,
      "reason": "clear-ish tail region",
      "fit": {
        "xmin": 0.0005620229063907217,
        "a_pdf": 3.2878137021344194,
        "B_ccdf": 2.2878137021344194,
        "ks": 0.016017808627445063,
        "n_tail": 4490,
        "se_B": 0.034142670451861395
      },
      "ccdf_powerlaw": {
        "B": 2.1378791773836348,
        "r2": 0.9904817159717086
      },
      "ccdf_tempered": {
        "B": 1.8658020840813951,
        "lam": 63.32074839752056,
        "r2": 0.9934790310464202
      }
    },
    "noise": {
      "ok": false,
      "reason": "B_eff too noisy (MAD=0.29)",
      "fit": {
        "xmin": 0.0005283691126577632,
        "a_pdf": 3.5519639885111554,
        "B_ccdf": 2.5519639885111554,
        "ks": 0.018959810685781786,
        "n_tail": 3327,
        "se_B": 0.04424336405153051
      },
      "ccdf_powerlaw": {
        "B": 2.326262106643258,
        "r2": 0.9851299978770587
      },
      "ccdf_tempered": {
        "B": 1.9497234506141365,
        "lam": 125.02198936755653,
        "r2": 0.9887979253642687
      }
    },
    "delta": {
      "ok": true,
      "reason": "clear-ish tail region",
      "fit": {
        "xmin": 0.0007549724609018494,
        "a_pdf": 3.5957903765749752,
        "B_ccdf": 2.5957903765749752,
        "ks": 0.02329862556695439,
        "n_tail": 3327,
        "se_B": 0.0450031815297162
      },
      "ccdf_powerlaw": {
        "B": 2.362394857496687,
        "r2": 0.9876884233978015
      },
      "ccdf_tempered": {
        "B": 2.0478209251281148,
        "lam": 70.9237557340965,
        "r2": 0.9902561841449022
      }
    }
  },
  "norm": {
    "grad": {
      "ok": false,
      "reason": "CCDF not linear enough (R²=0.979)",
      "fit": {
        "xmin": 0.000513054871378107,
        "a_pdf": 3.286960440140677,
        "B_ccdf": 2.286960440140677,
        "ks": 0.014713208303223313,
        "n_tail": 5266,
        "se_B": 0.03151506628151891
      },
      "ccdf_powerlaw": {
        "B": 2.2270541032968354,
        "r2": 0.9788391313025311
      },
      "ccdf_tempered": {
        "B": 1.7265762004925476,
        "lam": 109.69301288809048,
        "r2": 0.9892246918364157
      }
    },
    "noise": {
      "ok": false,
      "reason": "B_eff too noisy (MAD=0.26)",
      "fit": {
        "xmin": 0.0004772442486196556,
        "a_pdf": 3.4725980578661835,
        "B_ccdf": 2.4725980578661835,
        "ks": 0.019688960389047327,
        "n_tail": 4103,
        "se_B": 0.03860137416201162
      },
      "ccdf_powerlaw": {
        "B": 2.3227071298652673,
        "r2": 0.9873235987829976
      },
      "ccdf_tempered": {
        "B": 1.935348013812898,
        "lam": 122.40597608260384,
        "r2": 0.9918395810775855
      }
    },
    "delta": {
      "ok": false,
      "reason": "CCDF not linear enough (R²=0.984)",
      "fit": {
        "xmin": 0.0007227068005262751,
        "a_pdf": 3.5781033253101375,
        "B_ccdf": 2.5781033253101375,
        "ks": 0.023149960406856573,