{
  "all": {
    "grad": {
      "ok": false,
      "reason": "B_eff too noisy (MAD=0.42)",
      "fit": {
        "xmin": 5.613099530485354e-05,
        "a_pdf": 2.563622373564373,
        "B_ccdf": 1.5636223735643728,
        "ks": 0.014304391399306282,
        "n_tail": 13820,
        "se_B": 0.01330080279807053
      },
      "ccdf_powerlaw": {
        "B": 2.1172016425076583,
        "r2": 0.9885961102876071
      },
      "ccdf_tempered": {
        "B": 1.756316104760287,
        "lam": 497.43925362294283,
        "r2": 0.9962740542844333
      }
    },
    "noise": {
      "ok": false,
      "reason": "B_eff too noisy (MAD=0.40)",
      "fit": {
        "xmin": 5.0078667355796354e-05,
        "a_pdf": 2.560139730256548,
        "B_ccdf": 1.560139730256548,
        "ks": 0.01346493521256703,
        "n_tail": 15717,
        "se_B": 0.012444534902352278
      },
      "ccdf_powerlaw": {
        "B": 2.159761393683789,
        "r2": 0.989336197806014
      },
      "ccdf_tempered": {
        "B": 1.8980987553739894,
        "lam": 286.6712463966642,
        "r2": 0.9939914354092831
      }
    },
    "delta": {
      "ok": false,
      "reason": "B_eff too noisy (MAD=0.29)",
      "fit": {
        "xmin": 6.522941249330661e-05,
        "a_pdf": 2.5347406967556236,
        "B_ccdf": 1.5347406967556236,
        "ks": 0.018183195526103924,
        "n_tail": 19112,
        "se_B": 0.011101507101966442
      },
      "ccdf_powerlaw": {
        "B": 2.0689924600403895,
        "r2": 0.9911345282190843
      },
      "ccdf_tempered": {
        "B": 1.8196782321855312,
        "lam": 227.09958382823953,
        "r2": 0.9956562767637515
      }
    }
  },
  "decay": {
    "grad": {
      "ok": false,
      "reason": "CCDF not linear enough (R²=0.979)",
      "fit": {
        "xmin": 4.510773114779281e-05,
        "a_pdf": 2.53300978068156,
        "B_ccdf": 1.5330097806815601,
        "ks": 0.011588940714232887,
        "n_tail": 19112,
        "se_B": 0.01108898656535088
      },
      "ccdf_powerlaw": {
        "B": 2.1710810865107386,
        "r2": 0.9794009047407197
      },
      "ccdf_tempered": {
        "B": 1.6253136646412427,
        "lam": 793.9733304687605,
        "r2": 0.9977698852729441
      }
    },
    "noise": {
      "ok": false,
      "reason": "CCDF not linear enough (R²=0.978)",
      "fit": {
        "xmin": 4.389425891104664e-05,
        "a_pdf": 2.55110070067634,
        "B_ccdf": 1.55110070067634,
        "ks": 0.010853196267745946,
        "n_tail": 19121,
        "se_B": 0.011217205939837828
      },
      "ccdf_powerlaw": {
        "B": 2.224176111503878,
        "r2": 0.9784968622163893
      },
      "ccdf_tempered": {
        "B": 1.6836018562179926,
        "lam": 782.745650492781,
        "r2": 0.9962368930773219
      }
    },
    "delta": {
      "ok": false,
      "reason": "CCDF not linear enough (R²=0.968)",
      "fit": {
        "xmin": 6.407610344467686e-05,
        "a_pdf": 2.5370861802301707,
        "B_ccdf": 1.5370861802301707,
        "ks": 0.020765006945848985,
        "n_tail": 19492,
        "se_B": 0.01100956136667059
      },
      "ccdf_powerlaw": {
        "B": 2.275590375912782,
        "r2": 0.9683225603424115
      },
      "ccdf_tempered": {
        "B": 1.4904717657116682,
        "lam": 984.595477834796,
        "r2": 0.9985290942447291
      }
    }
  },
  "embed": {
    "grad": {
      "ok": false,
      "reason": "tail too small (n_tail=1776)",
      "fit": {
        "xmin": 0.0002957283023879055,
        "a_pdf": 3.2166472601370075,
        "B_ccdf": 2.2166472601370075,
        "ks": 0.019180683402327814,
        "n_tail": 1776,
        "se_B": 0.052598711768047764
      },
      "ccdf_powerlaw": {
        "B": 2.487395971424108,
        "r2": 0.9876455664512356
      },
      "ccdf_tempered": {
        "B": 1.875517698701732,
        "lam": 423.4000884813718,
        "r2": 0.9947943086170102
      }
    },
    "noise": {
      "ok": false,
      "reason": "tail too small (n_tail=1388)",
      "fit": {
        "xmin": 0.00032606948897651234,
        "a_pdf": 3.279402229286435,
        "B_ccdf": 2.279402229286435,
        "ks": 0.014312651555888567,
        "n_tail": 1388,
        "se_B": 0.061182361482202394
      },
      "ccdf_powerlaw": {
        "B": 2.564656454895755,
        "r2": 0.9806485626521921
      },
      "ccdf_tempered": {
        "B": 1.65787358545479,
        "lam": 646.4867727993541,
        "r2": 0.9935651269913
      }
    },
    "delta": {
      "ok": true,
      "reason": "clear-ish tail region",
      "fit": {
        "xmin": 0.0003838511722456968,
        "a_pdf": 3.239204695594268,
        "B_ccdf": 2.239204695594268,
        "ks": 0.017786985404390054,
        "n_tail": 2164,
        "se_B": 0.04813546460041004
      },
      "ccdf_powerlaw": {
        "B": 2.5572060490633906,
        "r2": 0.9931702103417817
      },
      "ccdf_tempered": {
        "B": 2.1820542485535412,
        "lam": 194.37360270364024,
        "r2": 0.9958920210107753
      }
    }
  },
  "no_decay": {
    "grad": {
      "ok": false,
      "reason": "CCDF not linear enough (R²=0.957)",
      "fit": {
        "xmin": 0.0004228931630792913,
        "a_pdf": 3.276722860739987,
        "B_ccdf": 2.276722860739987,
        "ks": 0.015261851606808263,
        "n_tail": 9531,
        "se_B": 0.023320665171678315
      },
      "ccdf_powerlaw": {
        "B": 2.590929518330743,
        "r2": 0.9572099117125104
      },
      "ccdf_tempered": {
        "B": 1.326091324293397,
        "lam": 515.1131570209865,
        "r2": 0.9907248956517083
      }
    },
    "noise": {
      "ok": false,
      "reason": "CCDF not linear enough (R²=0.964)",
      "fit": {
        "xmin": 0.00037380332158099125,
        "a_pdf": 3.2800826366117,
        "B_ccdf": 2.2800826366117,
        "ks": 0.014915850705638778,
        "n_tail": 10307,
        "se_B": 0.022458691486870547
      },
      "ccdf_powerlaw": {
        "B": 2.6413010549008415,
        "r2": 0.9638003028726291
      },
      "ccdf_tempered": {
        "B": 1.4508280996043623,
        "lam": 538.4250397581175,
        "r2": 0.9926877607702117
      }
    },
    "delta": {
      "ok": false,
      "reason": "CCDF not linear enough (R²=0.983)",
      "fit": {
        "xmin": 0.0005754828732460735,
        "a_pdf": 3.2972475952182307,
        "B_ccdf": 2.2972475952182307,
        "ks": 0.012990611590168788,
        "n_tail": 9143,
        "se_B": 0.024025002730032177
      },
      "ccdf_powerlaw": {
        "B": 2.533139020454589,
        "r2": 0.9830847493980479
      },
      "ccdf_tempered": {
        "B": 1.6990187475455218,
        "lam": 277.8414378182869,
        "r2": 0.9974022305621759
      }
    }
  },
  "norm": {
    "grad": {
      "ok": false,
      "reason": "CCDF not linear enough (R²=0.958)",
      "fit": {
        "xmin": 0.0004513533990853941,
        "a_pdf": 3.300523406854964,
        "B_ccdf": 2.300523406854964,
        "ks": 0.013985551680023356,
        "n_tail": 8368,
        "se_B": 0.02514871623912537
      },
      "ccdf_powerlaw": {
        "B": 2.7541292326458744,
        "r2": 0.9575967206362674
      },
      "ccdf_tempered": {
        "B": 1.3751326481188244,
        "lam": 521.5052905760485,
        "r2": 0.9936780918446599
      }
    },
    "noise": {
      "ok": false,
      "reason": "CCDF not linear enough (R²=0.978)",
      "fit": {
        "xmin": 0.00038191460771486163,
        "a_pdf": 3.309011392669776,
        "B_ccdf": 2.309011392669776,
        "ks": 0.0117289323960581,
        "n_tail": 9920,
        "se_B": 0.023183032265605523
      },
      "ccdf_powerlaw": {
        "B": 2.659188429985073,
        "r2": 0.9777120282347752
      },
      "ccdf_tempered": {
        "B": 1.7184840231848415,
        "lam": 382.0921516246523,
        "r2": 0.9973892853881853
      }
    },
    "delta": {
      "ok": false,
      "reason": "CCDF not linear enough (R²=0.979)",