{
  "all": {
    "grad": {
      "ok": false,
      "reason": "CCDF not linear enough (R²=0.977)",
      "fit": {
        "xmin": 4.737427133644518e-05,
        "a_pdf": 2.4917747985744305,
        "B_ccdf": 1.4917747985744305,
        "ks": 0.011678117542665123,
        "n_tail": 19109,
        "se_B": 0.01079156139561214
      },
      "ccdf_powerlaw": {
        "B": 2.054566394195078,
        "r2": 0.9774938669508629
      },
      "ccdf_tempered": {
        "B": 1.5440270667189973,
        "lam": 583.6150834256972,
        "r2": 0.9977008296922981
      }
    },
    "noise": {
      "ok": false,
      "reason": "CCDF not linear enough (R²=0.977)",
      "fit": {
        "xmin": 4.62291172880214e-05,
        "a_pdf": 2.504990979358517,
        "B_ccdf": 1.5049909793585168,
        "ks": 0.011059914033433427,
        "n_tail": 19496,
        "se_B": 0.010778569807175101
      },
      "ccdf_powerlaw": {
        "B": 2.0378807775390024,
        "r2": 0.9770028925488463
      },
      "ccdf_tempered": {
        "B": 1.4907770082070504,
        "lam": 731.9459373092022,
        "r2": 0.9982975233745466
      }
    },
    "delta": {
      "ok": false,
      "reason": "CCDF not linear enough (R²=0.976)",
      "fit": {
        "xmin": 8.439722892647722e-05,
        "a_pdf": 2.5180321696527717,
        "B_ccdf": 1.5180321696527717,
        "ks": 0.02267811571641354,
        "n_tail": 14954,
        "se_B": 0.012413729763683453
      },
      "ccdf_powerlaw": {
        "B": 2.1934726867541365,
        "r2": 0.9762215006844295
      },
      "ccdf_tempered": {
        "B": 1.6562081587353263,
        "lam": 443.648580035716,
        "r2": 0.9927360887546482
      }
    }
  },
  "decay": {
    "grad": {
      "ok": false,
      "reason": "B_eff too noisy (MAD=0.33)",
      "fit": {
        "xmin": 5.1008371466400334e-05,
        "a_pdf": 2.508272476178233,
        "B_ccdf": 1.5082724761782331,
        "ks": 0.014021966510115003,
        "n_tail": 17221,
        "se_B": 0.011493455601063157
      },
      "ccdf_powerlaw": {
        "B": 2.004496525102822,
        "r2": 0.9909536147004728
      },
      "ccdf_tempered": {
        "B": 1.7479226494508897,
        "lam": 226.49231351190684,
        "r2": 0.9967355360380552
      }
    },
    "noise": {
      "ok": false,
      "reason": "B_eff too noisy (MAD=0.30)",
      "fit": {
        "xmin": 4.752921990929077e-05,
        "a_pdf": 2.5145239485949045,
        "B_ccdf": 1.5145239485949045,
        "ks": 0.013051842912401135,
        "n_tail": 18743,
        "se_B": 0.011062584282199781
      },
      "ccdf_powerlaw": {
        "B": 2.031173520375404,
        "r2": 0.9900899832342785
      },
      "ccdf_tempered": {
        "B": 1.7627130492049767,
        "lam": 236.14752097981344,
        "r2": 0.9965121711425358
      }
    },
    "delta": {
      "ok": true,
      "reason": "clear-ish tail region",
      "fit": {
        "xmin": 7.144729811573468e-05,
        "a_pdf": 2.4968512867310872,
        "B_ccdf": 1.4968512867310872,
        "ks": 0.02205152153682477,
        "n_tail": 18735,
        "se_B": 0.010935831407422936
      },
      "ccdf_powerlaw": {
        "B": 1.9972599577821395,
        "r2": 0.9921068725496119
      },
      "ccdf_tempered": {
        "B": 1.6999315712247791,
        "lam": 290.9995918546604,
        "r2": 0.9983152057638023
      }
    }
  },
  "embed": {
    "grad": {
      "ok": false,
      "reason": "tail too small (n_tail=1388)",
      "fit": {
        "xmin": 0.0003391720057460446,
        "a_pdf": 3.2754489963446316,
        "B_ccdf": 2.2754489963446316,
        "ks": 0.01844524959322358,
        "n_tail": 1388,
        "se_B": 0.061076251150396464
      },
      "ccdf_powerlaw": {
        "B": 2.659585014564896,
        "r2": 0.9938731419348964
      },
      "ccdf_tempered": {
        "B": 2.181374908035497,
        "lam": 310.01196648973394,
        "r2": 0.9974237395107377
      }
    },
    "noise": {
      "ok": false,
      "reason": "tail too small (n_tail=1388)",
      "fit": {
        "xmin": 0.000332669745821851,
        "a_pdf": 3.305319917105366,
        "B_ccdf": 2.305319917105366,
        "ks": 0.016405102155394147,
        "n_tail": 1388,
        "se_B": 0.061878028672725904
      },
      "ccdf_powerlaw": {
        "B": 2.743216056442165,
        "r2": 0.9898660580260753
      },
      "ccdf_tempered": {
        "B": 2.0183868508653626,
        "lam": 514.2286515319452,
        "r2": 0.9972155764019276
      }
    },
    "delta": {
      "ok": false,
      "reason": "tail too small (n_tail=1388)",
      "fit": {
        "xmin": 0.0004878034275880523,
        "a_pdf": 3.274183344783757,
        "B_ccdf": 2.274183344783757,
        "ks": 0.011151883375404181,
        "n_tail": 1388,
        "se_B": 0.061042279282547504
      },
      "ccdf_powerlaw": {
        "B": 2.358882364204504,
        "r2": 0.9955393105323408
      },
      "ccdf_tempered": {
        "B": 2.2773465893990092,
        "lam": 33.86936910893929,
        "r2": 0.9956877324444939
      }
    }
  },
  "no_decay": {
    "grad": {
      "ok": false,
      "reason": "CCDF not linear enough (R²=0.979)",
      "fit": {
        "xmin": 0.0003930471525099892,
        "a_pdf": 2.893334879047322,
        "B_ccdf": 1.893334879047322,
        "ks": 0.009759865003449275,
        "n_tail": 13796,
        "se_B": 0.016119473131861108
      },
      "ccdf_powerlaw": {
        "B": 2.284829040305841,
        "r2": 0.9790907224174231
      },
      "ccdf_tempered": {
        "B": 1.6813318676724758,
        "lam": 148.8552368350355,
        "r2": 0.9952112666751293
      }
    },
    "noise": {
      "ok": false,
      "reason": "CCDF not linear enough (R²=0.980)",
      "fit": {
        "xmin": 0.0003646138460109276,
        "a_pdf": 2.920977164646785,
        "B_ccdf": 1.9209771646467848,
        "ks": 0.012693875280344158,
        "n_tail": 14572,
        "se_B": 0.01591338686856973
      },
      "ccdf_powerlaw": {
        "B": 2.261089598436362,
        "r2": 0.9797323719843131
      },
      "ccdf_tempered": {
        "B": 1.6717630123161284,
        "lam": 155.13608491396138,
        "r2": 0.9955384245883125
      }
    },
    "delta": {
      "ok": false,
      "reason": "CCDF not linear enough (R²=0.976)",
      "fit": {
        "xmin": 0.0006345169544124936,
        "a_pdf": 2.960704464874338,
        "B_ccdf": 1.960704464874338,
        "ks": 0.008172133202104193,
        "n_tail": 10694,
        "se_B": 0.0189601621830434
      },
      "ccdf_powerlaw": {
        "B": 2.45816402997285,
        "r2": 0.9762634846929157
      },
      "ccdf_tempered": {
        "B": 1.6102933383275142,
        "lam": 172.80441108448593,
        "r2": 0.9985449130812439
      }
    }
  },
  "norm": {
    "grad": {
      "ok": false,
      "reason": "CCDF not linear enough (R²=0.984)",
      "fit": {
        "xmin": 0.0003962600496936143,
        "a_pdf": 2.927931113063421,
        "B_ccdf": 1.927931113063421,
        "ks": 0.008626253201805212,
        "n_tail": 13409,
        "se_B": 0.016649197942648453
      },
      "ccdf_powerlaw": {
        "B": 2.313178029594052,
        "r2": 0.9835910304082846
      },
      "ccdf_tempered": {
        "B": 1.7900503846963722,
        "lam": 121.7840031046546,
        "r2": 0.9957829291431859
      }
    },
    "noise": {
      "ok": false,
      "reason": "CCDF not linear enough (R²=0.984)",
      "fit": {
        "xmin": 0.00041279118193303973,
        "a_pdf": 2.975208819328366,
        "B_ccdf": 1.975208819328366,
        "ks": 0.011209161580908011,
        "n_tail": 11470,
        "se_B": 0.01844298899486575
      },
      "ccdf_powerlaw": {
        "B": 2.279178262020445,
        "r2": 0.9841339527365376
      },
      "ccdf_tempered": {
        "B": 1.7330762209304105,
        "lam": 138.122007398063,
        "r2": 0.9967946224623749
      }
    },
    "delta": {
      "ok": false,
      "reason": "CCDF not linear enough (R²=0.978)",