{
  "all": {
    "grad": {
      "ok": false,
      "reason": "B_eff median 2.08 far from fit B 1.52",
      "fit": {
        "xmin": 5.01663279297942e-05,
        "a_pdf": 2.5243678568315167,
        "B_ccdf": 1.5243678568315167,
        "ks": 0.01648178133397693,
        "n_tail": 17657,
        "se_B": 0.011471793585990734
      },
      "ccdf_powerlaw": {
        "B": 2.0353487338128375,
        "r2": 0.9924669392079066
      },
      "ccdf_tempered": {
        "B": 1.7804894261365989,
        "lam": 258.2529121533326,
        "r2": 0.9978493114248952
      }
    },
    "noise": {
      "ok": false,
      "reason": "B_eff median 2.11 far from fit B 1.57",
      "fit": {
        "xmin": 5.639712937854527e-05,
        "a_pdf": 2.5693795578508327,
        "B_ccdf": 1.5693795578508327,
        "ks": 0.01648296953241435,
        "n_tail": 14634,
        "se_B": 0.01297318066121424
      },
      "ccdf_powerlaw": {
        "B": 2.0801045297087355,
        "r2": 0.9935428830905366
      },
      "ccdf_tempered": {
        "B": 1.8610100527505864,
        "lam": 226.38968876000283,
        "r2": 0.996974960774903
      }
    },
    "delta": {
      "ok": false,
      "reason": "CCDF not linear enough (R²=0.973)",
      "fit": {
        "xmin": 6.807696627220139e-05,
        "a_pdf": 2.496104069975676,
        "B_ccdf": 1.4961040699756758,
        "ks": 0.021985885981865794,
        "n_tail": 19556,
        "se_B": 0.010698472879684374
      },
      "ccdf_powerlaw": {
        "B": 2.2480774139673407,
        "r2": 0.9730160548975314
      },
      "ccdf_tempered": {
        "B": 1.769478274318495,
        "lam": 378.8528879795861,
        "r2": 0.9876781906407428
      }
    }
  },
  "embed": {
    "grad": {
      "ok": false,
      "reason": "tail too small (n_tail=1388)",
      "fit": {
        "xmin": 0.00034862129111555757,
        "a_pdf": 3.220846412219943,
        "B_ccdf": 2.220846412219943,
        "ks": 0.016493430742269277,
        "n_tail": 1388,
        "se_B": 0.05961064100188622
      },
      "ccdf_powerlaw": {
        "B": 2.3584159033217933,
        "r2": 0.9937035958321614
      },
      "ccdf_tempered": {
        "B": 2.248661785623643,
        "lam": 48.46559474415218,
        "r2": 0.9940506842037745
      }
    },
    "noise": {
      "ok": false,
      "reason": "tail too small (n_tail=1388)",
      "fit": {
        "xmin": 0.0003406494439161402,
        "a_pdf": 3.2255460203561053,
        "B_ccdf": 2.2255460203561053,
        "ks": 0.012063431980286976,
        "n_tail": 1388,
        "se_B": 0.05973678509357705
      },
      "ccdf_powerlaw": {
        "B": 2.3015144218629544,
        "r2": 0.9910623873273952
      },
      "ccdf_tempered": null
    },
    "delta": {
      "ok": false,
      "reason": "tail too small (n_tail=1388)",
      "fit": {
        "xmin": 0.0004846729458860947,
        "a_pdf": 3.355646255374684,
        "B_ccdf": 2.355646255374684,
        "ks": 0.026275412665320408,
        "n_tail": 1388,
        "se_B": 0.06322885836855932
      },
      "ccdf_powerlaw": {
        "B": 2.110114722375453,
        "r2": 0.951171884066689
      },
      "ccdf_tempered": null
    }
  },
  "norm": {
    "grad": {
      "ok": false,
      "reason": "CCDF not linear enough (R²=0.948)",
      "fit": {
        "xmin": 0.0005777337949494925,
        "a_pdf": 3.1628297550342475,
        "B_ccdf": 2.1628297550342475,
        "ks": 0.007394844689248448,
        "n_tail": 6041,
        "se_B": 0.02782709802363042
      },
      "ccdf_powerlaw": {
        "B": 2.990783609338974,
        "r2": 0.9476049279399442
      },
      "ccdf_tempered": {
        "B": 1.1195329763656274,
        "lam": 626.139951627026,
        "r2": 0.9951101343117597
      }
    },
    "noise": {
      "ok": false,
      "reason": "CCDF not linear enough (R²=0.967)",
      "fit": {
        "xmin": 0.00044327135364125877,
        "a_pdf": 3.1488223794045727,
        "B_ccdf": 2.1488223794045727,
        "ks": 0.009393201124142658,
        "n_tail": 9143,
        "se_B": 0.02247274679447204
      },
      "ccdf_powerlaw": {
        "B": 2.5869348545169655,
        "r2": 0.9672777186344
      },
      "ccdf_tempered": {
        "B": 1.374154116505764,
        "lam": 513.8626904175138,
        "r2": 0.9956434125217726
      }
    },
    "delta": {
      "ok": false,
      "reason": "CCDF not linear enough (R²=0.953)",
      "fit": {
        "xmin": 0.0007618331670528305,
        "a_pdf": 3.2151676303962313,
        "B_ccdf": 2.2151676303962313,
        "ks": 0.009278060952692568,
        "n_tail": 6429,
        "se_B": 0.027627073536945254
      },
      "ccdf_powerlaw": {
        "B": 2.855176734128147,
        "r2": 0.953203569262311
      },
      "ccdf_tempered": {
        "B": 1.406076735457718,
        "lam": 324.60043017100514,
        "r2": 0.9897617088512377
      }
    }
  }
}