{
  "all": {
    "grad": {
      "ok": false,
      "reason": "CCDF not linear enough (R²=0.979)",
      "fit": {
        "xmin": 4.823573694271286e-05,
        "a_pdf": 2.529737588018875,
        "B_ccdf": 1.5297375880188748,
        "ks": 0.01727861513677248,
        "n_tail": 17658,
        "se_B": 0.01151187809158354
      },
      "ccdf_powerlaw": {
        "B": 2.2349277690151537,
        "r2": 0.9788480945769067
      },
      "ccdf_tempered": {
        "B": 1.7598850144032536,
        "lam": 568.6823611161319,
        "r2": 0.9931124646295418
      }
    },
    "noise": {
      "ok": false,
      "reason": "CCDF not linear enough (R²=0.980)",
      "fit": {
        "xmin": 5.3427840092418985e-05,
        "a_pdf": 2.569479878414768,
        "B_ccdf": 1.5694798784147679,
        "ks": 0.013879426521560045,
        "n_tail": 14637,
        "se_B": 0.01297268031016682
      },
      "ccdf_powerlaw": {
        "B": 2.271494254728623,
        "r2": 0.9800459000427365
      },
      "ccdf_tempered": {
        "B": 1.7435782608034827,
        "lam": 654.3438667384767,
        "r2": 0.9953564689525538
      }
    },
    "delta": {
      "ok": false,
      "reason": "CCDF not linear enough (R²=0.972)",
      "fit": {
        "xmin": 6.876216033635169e-05,
        "a_pdf": 2.533753991093028,
        "B_ccdf": 1.533753991093028,
        "ks": 0.021152480935371143,
        "n_tail": 18041,
        "se_B": 0.011418929787702032
      },
      "ccdf_powerlaw": {
        "B": 2.2258882714517827,
        "r2": 0.9720214639905618
      },
      "ccdf_tempered": {
        "B": 1.4906047675663174,
        "lam": 919.963782133747,
        "r2": 0.9985209352785097
      }
    }
  },
  "embed": {
    "grad": {
      "ok": false,
      "reason": "tail too small (n_tail=1000)",
      "fit": {
        "xmin": 0.0003913370109512474,
        "a_pdf": 3.300776540167958,
        "B_ccdf": 2.300776540167958,
        "ks": 0.017957758903503374,
        "n_tail": 1000,
        "se_B": 0.0727569425401263
      },
      "ccdf_powerlaw": {
        "B": 2.695276888073317,
        "r2": 0.9916717946546262
      },
      "ccdf_tempered": {
        "B": 2.11146081684824,
        "lam": 359.1580165883626,
        "r2": 0.9965170640431211
      }
    },
    "noise": {
      "ok": false,
      "reason": "tail too small (n_tail=1000)",
      "fit": {
        "xmin": 0.00038227086944971246,
        "a_pdf": 3.3053111997756037,
        "B_ccdf": 2.3053111997756037,
        "ks": 0.013743256568908735,
        "n_tail": 1000,
        "se_B": 0.07290034106786356
      },
      "ccdf_powerlaw": {
        "B": 2.5647625800617906,
        "r2": 0.9921657209991877
      },
      "ccdf_tempered": {
        "B": 2.052217589238483,
        "lam": 313.05116906115194,
        "r2": 0.9964642411739362
      }
    },
    "delta": {
      "ok": false,
      "reason": "tail too small (n_tail=1776)",
      "fit": {
        "xmin": 0.0004205290901644523,
        "a_pdf": 3.219139751504715,
        "B_ccdf": 2.219139751504715,
        "ks": 0.011110181207055425,
        "n_tail": 1776,
        "se_B": 0.052657855970822856
      },
      "ccdf_powerlaw": {
        "B": 2.2527934781363297,
        "r2": 0.9759810061605793
      },
      "ccdf_tempered": null
    }
  },
  "norm": {
    "grad": {
      "ok": false,
      "reason": "CCDF not linear enough (R²=0.957)",
      "fit": {
        "xmin": 0.00046553958598191686,
        "a_pdf": 3.209183465188312,
        "B_ccdf": 2.209183465188312,
        "ks": 0.013910776570924877,
        "n_tail": 7980,
        "se_B": 0.024730354302303748
      },
      "ccdf_powerlaw": {
        "B": 2.869088397169976,
        "r2": 0.9567133045036582
      },
      "ccdf_tempered": {
        "B": 1.387421590756571,
        "lam": 557.789948179004,
        "r2": 0.9937902369201361
      }
    },
    "noise": {
      "ok": false,
      "reason": "CCDF not linear enough (R²=0.955)",
      "fit": {
        "xmin": 0.000421631324570626,
        "a_pdf": 3.287378430099363,
        "B_ccdf": 2.287378430099363,
        "ks": 0.009157672180812093,
        "n_tail": 8369,
        "se_B": 0.025003524861995256
      },
      "ccdf_powerlaw": {
        "B": 2.8622081432943087,
        "r2": 0.954782850934085
      },
      "ccdf_tempered": {
        "B": 1.2762939457145241,
        "lam": 735.8973728899921,
        "r2": 0.9927097438647574
      }
    },
    "delta": {
      "ok": false,
      "reason": "CCDF not linear enough (R²=0.956)",
      "fit": {
        "xmin": 0.0005794521171732672,
        "a_pdf": 3.274673738351703,
        "B_ccdf": 2.274673738351703,
        "ks": 0.010209395400963883,
        "n_tail": 9143,
        "se_B": 0.02378892152834779
      },
      "ccdf_powerlaw": {
        "B": 2.8941300502425706,
        "r2": 0.9561341380227686
      },
      "ccdf_tempered": {
        "B": 1.3867926915907314,
        "lam": 449.199443174117,
        "r2": 0.994059173408539
      }
    }
  }
}