{
  "all": {
    "grad": {
      "ok": false,
      "reason": "tail too small (n_tail=1385)",
      "fit": {
        "xmin": 0.00020430788129320986,
        "a_pdf": 3.0752414776130785,
        "B_ccdf": 2.0752414776130785,
        "ks": 0.0133495194817278,
        "n_tail": 1385,
        "se_B": 0.05576269466064566
      },
      "ccdf_powerlaw": {
        "B": 2.140952568371593,
        "r2": 0.9959908420754284
      },
      "ccdf_tempered": {
        "B": 2.0791829143694027,
        "lam": 37.69349643581409,
        "r2": 0.9961554338608816
      }
    },
    "noise": {
      "ok": false,
      "reason": "tail too small (n_tail=1386)",
      "fit": {
        "xmin": 0.00018912499529376113,
        "a_pdf": 3.100745614870927,
        "B_ccdf": 2.100745614870927,
        "ks": 0.012918433155676312,
        "n_tail": 1386,
        "se_B": 0.05642763526795368
      },
      "ccdf_powerlaw": {
        "B": 2.124384777725563,
        "r2": 0.994138935057898
      },
      "ccdf_tempered": {
        "B": 2.0828453395663935,
        "lam": 26.23495255711734,
        "r2": 0.9942138862596331
      }
    },
    "delta": {
      "ok": false,
      "reason": "tail too small (n_tail=1772)",
      "fit": {
        "xmin": 0.00023815152114013536,
        "a_pdf": 3.10993544636125,
        "B_ccdf": 2.10993544636125,
        "ks": 0.018409586383311582,
        "n_tail": 1772,
        "se_B": 0.0501230291563912
      },
      "ccdf_powerlaw": {
        "B": 1.9904092635195163,
        "r2": 0.985426542210598
      },
      "ccdf_tempered": null
    }
  },
  "embed": {
    "grad": {
      "ok": false,
      "reason": "tail too small (n_tail=1000)",
      "fit": {
        "xmin": 0.0003541196108562879,
        "a_pdf": 3.034604924156202,
        "B_ccdf": 2.034604924156202,
        "ks": 0.013988169193267841,
        "n_tail": 1000,
        "se_B": 0.06433985698927738
      },
      "ccdf_powerlaw": {
        "B": 2.0404081181979117,
        "r2": 0.994199157889589
      },
      "ccdf_tempered": {
        "B": 1.8179455573236907,
        "lam": 92.86975504976482,
        "r2": 0.9961782127841339
      }
    },
    "noise": {
      "ok": false,
      "reason": "tail too small (n_tail=1388)",
      "fit": {
        "xmin": 0.00029799919960336136,
        "a_pdf": 3.1318216371207264,
        "B_ccdf": 2.1318216371207264,
        "ks": 0.009455937129963399,
        "n_tail": 1388,
        "se_B": 0.05722109083780783
      },
      "ccdf_powerlaw": {
        "B": 2.120814877989935,
        "r2": 0.9926930267260685
      },
      "ccdf_tempered": {
        "B": 1.9155116223815443,
        "lam": 94.35808214347824,
        "r2": 0.9943986575984721
      }
    },
    "delta": {
      "ok": false,
      "reason": "tail too small (n_tail=1388)",
      "fit": {
        "xmin": 0.0004242336326658896,
        "a_pdf": 3.1034714830177523,
        "B_ccdf": 2.1034714830177523,
        "ks": 0.013205643346055451,
        "n_tail": 1388,
        "se_B": 0.0564601328313101
      },
      "ccdf_powerlaw": {
        "B": 2.4882746034279197,
        "r2": 0.9794194114037473
      },
      "ccdf_tempered": {
        "B": 1.5741785332997658,
        "lam": 456.6286331300039,
        "r2": 0.9946807065028392
      }
    }
  },
  "norm": {
    "grad": {
      "ok": false,
      "reason": "CCDF not linear enough (R²=0.979)",
      "fit": {
        "xmin": 0.0005081069967186804,
        "a_pdf": 3.271686103439133,
        "B_ccdf": 2.271686103439133,
        "ks": 0.01532137183783333,
        "n_tail": 4878,
        "se_B": 0.03252575777016843
      },
      "ccdf_powerlaw": {
        "B": 2.529565166467076,
        "r2": 0.9787015345497619
      },
      "ccdf_tempered": {
        "B": 1.7974821274649182,
        "lam": 207.63200651918183,
        "r2": 0.9930887434481287
      }
    },
    "noise": {
      "ok": false,
      "reason": "CCDF not linear enough (R²=0.973)",
      "fit": {
        "xmin": 0.0005434047779999673,
        "a_pdf": 3.5762091971958774,
        "B_ccdf": 2.5762091971958774,
        "ks": 0.01980999335139788,
        "n_tail": 2940,
        "se_B": 0.04751245389088578
      },
      "ccdf_powerlaw": {
        "B": 2.70802039572609,
        "r2": 0.9729998288880815
      },
      "ccdf_tempered": {
        "B": 1.7224745951561304,
        "lam": 356.0785193596668,
        "r2": 0.9899224944067313
      }
    },
    "delta": {
      "ok": false,
      "reason": "CCDF not linear enough (R²=0.980)",
      "fit": {
        "xmin": 0.0007424466504492056,
        "a_pdf": 3.549077639038767,
        "B_ccdf": 2.549077639038767,
        "ks": 0.01843887737716754,
        "n_tail": 3327,
        "se_B": 0.04419332345101195
      },
      "ccdf_powerlaw": {
        "B": 2.581392089623504,
        "r2": 0.980328600296822
      },
      "ccdf_tempered": {
        "B": 1.916449301802098,
        "lam": 154.25353758778834,
        "r2": 0.9900981293027382
      }
    }
  }
}