{
  "all": {
    "grad": {
      "ok": false,
      "reason": "CCDF not linear enough (R²=0.976)",
      "fit": {
        "xmin": 5.0327235088732363e-05,
        "a_pdf": 2.5216217445896936,
        "B_ccdf": 1.5216217445896936,
        "ks": 0.01513749813670573,
        "n_tail": 17277,
        "se_B": 0.011576373735813241
      },
      "ccdf_powerlaw": {
        "B": 2.225453054601715,
        "r2": 0.9761858235110666
      },
      "ccdf_tempered": {
        "B": 1.8505460865064383,
        "lam": 375.7982487881728,
        "r2": 0.9856604739635215
      }
    },
    "noise": {
      "ok": false,
      "reason": "CCDF not linear enough (R²=0.976)",
      "fit": {
        "xmin": 4.5904830552973727e-05,
        "a_pdf": 2.5216608154974334,
        "B_ccdf": 1.5216608154974334,
        "ks": 0.015943447748820005,
        "n_tail": 19185,
        "se_B": 0.010985933236692697
      },
      "ccdf_powerlaw": {
        "B": 2.219313493425911,
        "r2": 0.9761520334051178
      },
      "ccdf_tempered": {
        "B": 1.7963220994108777,
        "lam": 468.8448086838408,
        "r2": 0.9882203401971114
      }
    },
    "delta": {
      "ok": false,
      "reason": "CCDF not linear enough (R²=0.983)",
      "fit": {
        "xmin": 6.845213283668275e-05,
        "a_pdf": 2.5197885080809197,
        "B_ccdf": 1.5197885080809197,
        "ks": 0.023733437213712405,
        "n_tail": 19555,
        "se_B": 0.010868115522891362
      },
      "ccdf_powerlaw": {
        "B": 2.178269451261175,
        "r2": 0.9829193624250055
      },
      "ccdf_tempered": {
        "B": 1.6865421628015165,
        "lam": 448.3930487527914,
        "r2": 0.9980131191306578
      }
    }
  },
  "decay": {
    "grad": {
      "ok": false,
      "reason": "B_eff too noisy (MAD=0.47)",
      "fit": {
        "xmin": 5.774393014559922e-05,
        "a_pdf": 2.558296868928311,
        "B_ccdf": 1.558296868928311,
        "ks": 0.017807206656043073,
        "n_tail": 14247,
        "se_B": 0.013055348996185875
      },
      "ccdf_powerlaw": {
        "B": 2.203931540933847,
        "r2": 0.9870859689127643
      },
      "ccdf_tempered": {
        "B": 1.8108099958374524,
        "lam": 442.35456749115866,
        "r2": 0.9965386831477092
      }
    },
    "noise": {
      "ok": false,
      "reason": "B_eff too noisy (MAD=0.42)",
      "fit": {
        "xmin": 5.037656334025081e-05,
        "a_pdf": 2.554203667904285,
        "B_ccdf": 1.554203667904285,
        "ks": 0.018231658975024823,
        "n_tail": 16910,
        "se_B": 0.011951877294592638
      },
      "ccdf_powerlaw": {
        "B": 2.170722302199923,
        "r2": 0.9882960030982636
      },
      "ccdf_tempered": {
        "B": 1.8443160247352886,
        "lam": 394.94313685094045,
        "r2": 0.995277238450882
      }
    },
    "delta": {
      "ok": false,
      "reason": "CCDF not linear enough (R²=0.978)",
      "fit": {
        "xmin": 0.00024393101253698872,
        "a_pdf": 2.9769053521135276,
        "B_ccdf": 1.9769053521135276,
        "ks": 0.02179156070628263,
        "n_tail": 2874,
        "se_B": 0.03687588868143545
      },
      "ccdf_powerlaw": {
        "B": 2.4409287997909046,
        "r2": 0.9778964741962278
      },
      "ccdf_tempered": {
        "B": 1.6181186231627047,
        "lam": 553.3427895849126,
        "r2": 0.9951513753217628
      }
    }
  },
  "embed": {
    "grad": {
      "ok": false,
      "reason": "tail too small (n_tail=1000)",
      "fit": {
        "xmin": 0.0003971295300289067,
        "a_pdf": 3.4281744112151307,
        "B_ccdf": 2.4281744112151307,
        "ks": 0.02800768804550169,
        "n_tail": 1000,
        "se_B": 0.07678561695578116
      },
      "ccdf_powerlaw": {
        "B": 2.3641820592929426,
        "r2": 0.9799738221725588
      },
      "ccdf_tempered": {
        "B": 2.030535838311528,
        "lam": 223.29940321501132,
        "r2": 0.9817674647009127
      }
    },
    "noise": {
      "ok": true,
      "reason": "clear-ish tail region",
      "fit": {
        "xmin": 0.00024150865524739972,
        "a_pdf": 3.1190841892135026,
        "B_ccdf": 2.1190841892135026,
        "ks": 0.03168093765790936,
        "n_tail": 2552,
        "se_B": 0.04194767322251818
      },
      "ccdf_powerlaw": {
        "B": 2.4062536606541256,
        "r2": 0.9963841837638291
      },
      "ccdf_tempered": {
        "B": 2.1369966844656996,
        "lam": 224.39163542057446,
        "r2": 0.9979044984721873
      }
    },
    "delta": {
      "ok": false,
      "reason": "tail too small (n_tail=1388)",
      "fit": {
        "xmin": 0.0004788216230891917,
        "a_pdf": 3.356331883882875,
        "B_ccdf": 2.356331883882875,
        "ks": 0.017129998901048382,
        "n_tail": 1388,
        "se_B": 0.06324726160195607
      },
      "ccdf_powerlaw": {
        "B": 2.402748616075353,
        "r2": 0.9888475372797219
      },
      "ccdf_tempered": null
    }
  },
  "no_decay": {
    "grad": {
      "ok": false,
      "reason": "CCDF not linear enough (R²=0.944)",
      "fit": {
        "xmin": 0.00047961430391296744,
        "a_pdf": 3.1099863293788013,
        "B_ccdf": 2.1099863293788013,
        "ks": 0.012509446556259407,
        "n_tail": 8758,
        "se_B": 0.02254639810226608
      },
      "ccdf_powerlaw": {
        "B": 2.5702722875085002,
        "r2": 0.9438579586856396
      },
      "ccdf_tempered": {
        "B": 1.1732914143588293,
        "lam": 470.18486220556315,
        "r2": 0.9870339062336966
      }
    },
    "noise": {
      "ok": false,
      "reason": "CCDF not linear enough (R²=0.970)",
      "fit": {
        "xmin": 0.00041749932809450116,
        "a_pdf": 3.109445716194708,
        "B_ccdf": 2.109445716194708,
        "ks": 0.012161446933870335,
        "n_tail": 10307,
        "se_B": 0.02077792698720757
      },
      "ccdf_powerlaw": {
        "B": 2.4355957173326406,
        "r2": 0.9703611146004733
      },
      "ccdf_tempered": {
        "B": 1.4664713684225672,
        "lam": 370.4891188160929,
        "r2": 0.9944588746459632
      }
    },
    "delta": {
      "ok": false,
      "reason": "CCDF not linear enough (R²=0.961)",
      "fit": {
        "xmin": 0.000589231441334384,
        "a_pdf": 3.130227912951068,
        "B_ccdf": 2.130227912951068,
        "ks": 0.011060518729746893,
        "n_tail": 10694,
        "se_B": 0.020599466895683784
      },
      "ccdf_powerlaw": {
        "B": 2.694423668798076,
        "r2": 0.9607624950286966
      },
      "ccdf_tempered": {
        "B": 1.4037487588806505,
        "lam": 328.59023086540145,
        "r2": 0.9968981372806341
      }
    }
  },
  "norm": {
    "grad": {
      "ok": false,
      "reason": "CCDF not linear enough (R²=0.953)",
      "fit": {
        "xmin": 0.0005250562547304555,
        "a_pdf": 3.136148980779807,
        "B_ccdf": 2.136148980779807,
        "ks": 0.007782918740113054,
        "n_tail": 7205,
        "se_B": 0.025166020480535508
      },
      "ccdf_powerlaw": {
        "B": 2.686301414666372,
        "r2": 0.9531442454229335
      },
      "ccdf_tempered": {
        "B": 1.238425220943279,
        "lam": 487.9851118649652,
        "r2": 0.9933736157826865
      }
    },
    "noise": {
      "ok": false,
      "reason": "CCDF not linear enough (R²=0.973)",
      "fit": {
        "xmin": 0.0004489409503003118,
        "a_pdf": 3.150747568274224,
        "B_ccdf": 2.150747568274224,
        "ks": 0.008077722779688323,
        "n_tail": 8756,
        "se_B": 0.022984579568670564
      },
      "ccdf_powerlaw": {
        "B": 2.580677627549632,
        "r2": 0.972529338978401
      },
      "ccdf_tempered": {
        "B": 1.5192961946363797,
        "lam": 397.3523553614181,
        "r2": 0.9975120933543125
      }
    },
    "delta": {
      "ok": false,
      "reason": "CCDF not linear enough (R²=0.953)",
      "fit": {
        "xmin": 0.0006596139205705225,
        "a_pdf": 3.2073261692396953,
        "B_ccdf": 2.2073261692396953,