{
  "all": {
    "grad": {
      "ok": false,
      "reason": "CCDF not linear enough (R²=0.980)",
      "fit": {
        "xmin": 4.6582262134785316e-05,
        "a_pdf": 2.5250817166562887,
        "B_ccdf": 1.5250817166562887,
        "ks": 0.0145424781834943,
        "n_tail": 18417,
        "se_B": 0.011237861375188625
      },
      "ccdf_powerlaw": {
        "B": 2.1671617701088426,
        "r2": 0.9795163101161071
      },
      "ccdf_tempered": {
        "B": 1.6158846653549315,
        "lam": 838.0563367736804,
        "r2": 0.9977519742080637
      }
    },
    "noise": {
      "ok": false,
      "reason": "CCDF not linear enough (R²=0.980)",
      "fit": {
        "xmin": 5.047873855801299e-05,
        "a_pdf": 2.5650074972918104,
        "B_ccdf": 1.5650074972918104,
        "ks": 0.014168195622929702,
        "n_tail": 15776,
        "se_B": 0.012459998028629531
      },
      "ccdf_powerlaw": {
        "B": 2.261134416730992,
        "r2": 0.9804625847664136
      },
      "ccdf_tempered": {
        "B": 1.7031101359386864,
        "lam": 833.5180985565919,
        "r2": 0.9968477946205715
      }
    },
    "delta": {
      "ok": false,
      "reason": "CCDF not linear enough (R²=0.983)",
      "fit": {
        "xmin": 7.41854833837834e-05,
        "a_pdf": 2.571048211551114,
        "B_ccdf": 1.5710482115511142,
        "ks": 0.022004806580455505,
        "n_tail": 16146,
        "se_B": 0.012363944263027535
      },
      "ccdf_powerlaw": {
        "B": 2.2807806698384616,
        "r2": 0.9829533731484121
      },
      "ccdf_tempered": {
        "B": 1.8106876016416085,
        "lam": 420.59997550216536,
        "r2": 0.9954075249041024
      }
    }
  },
  "decay": {
    "grad": {
      "ok": false,
      "reason": "B_eff too noisy (MAD=0.37)",
      "fit": {
        "xmin": 4.945859683825152e-05,
        "a_pdf": 2.5524585683454006,
        "B_ccdf": 1.5524585683454006,
        "ks": 0.01371824012791778,
        "n_tail": 16902,
        "se_B": 0.011941282423417169
      },
      "ccdf_powerlaw": {
        "B": 2.078688908107936,
        "r2": 0.9859894105020214
      },
      "ccdf_tempered": {
        "B": 1.636344180086825,
        "lam": 719.9116373733614,
        "r2": 0.9977114900420883
      }
    },
    "noise": {
      "ok": false,
      "reason": "B_eff too noisy (MAD=0.31)",
      "fit": {
        "xmin": 4.6775121414352075e-05,
        "a_pdf": 2.5631774428188603,
        "B_ccdf": 1.5631774428188603,
        "ks": 0.012357862440834949,
        "n_tail": 17675,
        "se_B": 0.011757867672576142
      },
      "ccdf_powerlaw": {
        "B": 2.049227305711336,
        "r2": 0.987889644596415
      },
      "ccdf_tempered": {
        "B": 1.6517943287043784,
        "lam": 730.9780602572748,
        "r2": 0.9973635930058367
      }
    },
    "delta": {
      "ok": false,
      "reason": "CCDF not linear enough (R²=0.978)",
      "fit": {
        "xmin": 7.228186832695165e-05,
        "a_pdf": 2.5558092790598326,
        "B_ccdf": 1.5558092790598326,
        "ks": 0.025649281316496353,
        "n_tail": 16904,
        "se_B": 0.011966347633046178
      },
      "ccdf_powerlaw": {
        "B": 2.332350440221256,
        "r2": 0.9780032528462079
      },
      "ccdf_tempered": {
        "B": 1.733802856836751,
        "lam": 610.2874921337108,
        "r2": 0.9962049300780665
      }
    }
  },
  "embed": {
    "grad": {
      "ok": false,
      "reason": "tail too small (n_tail=1388)",
      "fit": {
        "xmin": 0.00033297665747434067,
        "a_pdf": 3.2875433208509732,
        "B_ccdf": 2.2875433208509732,
        "ks": 0.022168298276082243,
        "n_tail": 1388,
        "se_B": 0.0614008798290574
      },
      "ccdf_powerlaw": {
        "B": 2.509097126192055,
        "r2": 0.9960097450406812
      },
      "ccdf_tempered": {
        "B": 2.4227851142401624,
        "lam": 44.77970163740759,
        "r2": 0.9961820528365947
      }
    },
    "noise": {
      "ok": false,
      "reason": "tail too small (n_tail=1388)",
      "fit": {
        "xmin": 0.000324495573924874,
        "a_pdf": 3.2829951187798376,
        "B_ccdf": 2.2829951187798376,
        "ks": 0.016041643853146326,
        "n_tail": 1388,
        "se_B": 0.06127879968908253
      },
      "ccdf_powerlaw": {
        "B": 2.588655231214271,
        "r2": 0.9905469347838053
      },
      "ccdf_tempered": {
        "B": 2.518988745221492,
        "lam": 36.738737747415506,
        "r2": 0.99065518900355
      }
    },
    "delta": {
      "ok": true,
      "reason": "clear-ish tail region",
      "fit": {
        "xmin": 0.00038292818044060467,
        "a_pdf": 3.1724766900538186,
        "B_ccdf": 2.1724766900538186,
        "ks": 0.01484100380137754,
        "n_tail": 2164,
        "se_B": 0.04670103408368775
      },
      "ccdf_powerlaw": {
        "B": 2.5560732049865287,
        "r2": 0.9928678071003386
      },
      "ccdf_tempered": {
        "B": 2.217742707836247,
        "lam": 138.86586855279035,
        "r2": 0.9956490498167655
      }
    }
  },
  "no_decay": {
    "grad": {
      "ok": false,
      "reason": "CCDF not linear enough (R²=0.973)",
      "fit": {
        "xmin": 0.00038449798012152314,
        "a_pdf": 3.1253435319197673,
        "B_ccdf": 2.1253435319197673,
        "ks": 0.012805923797458485,
        "n_tail": 11471,
        "se_B": 0.019843967074724907
      },
      "ccdf_powerlaw": {
        "B": 2.5625662848854738,
        "r2": 0.9734223761361993
      },
      "ccdf_tempered": {
        "B": 1.5488036259473623,
        "lam": 425.57468159053934,
        "r2": 0.9968804444217911
      }
    },
    "noise": {
      "ok": false,
      "reason": "CCDF not linear enough (R²=0.954)",
      "fit": {
        "xmin": 0.0004367858671098572,
        "a_pdf": 3.2848994056892886,
        "B_ccdf": 2.2848994056892886,
        "ks": 0.013567913508138879,
        "n_tail": 7592,
        "se_B": 0.02622339912180501
      },
      "ccdf_powerlaw": {
        "B": 2.762299871587294,
        "r2": 0.9542977328787534
      },
      "ccdf_tempered": {
        "B": 1.241190459930308,
        "lam": 653.9124153385081,
        "r2": 0.9935770825223124
      }
    },
    "delta": {
      "ok": false,
      "reason": "CCDF not linear enough (R²=0.950)",
      "fit": {
        "xmin": 0.0006130250851143796,
        "a_pdf": 3.26065199793951,
        "B_ccdf": 2.26065199793951,
        "ks": 0.012805158661720495,
        "n_tail": 7980,
        "se_B": 0.0253065106380784
      },
      "ccdf_powerlaw": {
        "B": 2.842658560996558,
        "r2": 0.9498637846879366
      },
      "ccdf_tempered": {
        "B": 1.2319307713626522,
        "lam": 477.19323608261345,
        "r2": 0.9922462946977291
      }
    }
  },
  "norm": {
    "grad": {
      "ok": false,
      "reason": "CCDF not linear enough (R²=0.955)",
      "fit": {
        "xmin": 0.0004995572293291286,
        "a_pdf": 3.257559984256669,
        "B_ccdf": 2.257559984256669,
        "ks": 0.012899648991081536,
        "n_tail": 6817,
        "se_B": 0.027342778953129622
      },
      "ccdf_powerlaw": {
        "B": 2.938496552330871,
        "r2": 0.955239365616173
      },
      "ccdf_tempered": {
        "B": 1.306167126903682,
        "lam": 610.1477711649543,
        "r2": 0.9949698384637994
      }
    },
    "noise": {
      "ok": false,
      "reason": "CCDF not linear enough (R²=0.962)",
      "fit": {
        "xmin": 0.0004386879736557603,
        "a_pdf": 3.3131004073538333,
        "B_ccdf": 2.3131004073538333,
        "ks": 0.013521997107200978,
        "n_tail": 7593,
        "se_B": 0.02654530900304664
      },
      "ccdf_powerlaw": {
        "B": 2.933437337718006,
        "r2": 0.9622236988536657
      },
      "ccdf_tempered": {
        "B": 1.4073532061051932,
        "lam": 656.290400129923,
        "r2": 0.9968829880160421
      }
    },
    "delta": {
      "ok": false,
      "reason": "CCDF not linear enough (R²=0.973)",