{
  "all": {
    "grad": {
      "ok": false,
      "reason": "tail too small (n_tail=1385)",
      "fit": {
        "xmin": 0.00020389099452141078,
        "a_pdf": 3.1248197116341254,
        "B_ccdf": 2.1248197116341254,
        "ks": 0.02002144113774762,
        "n_tail": 1385,
        "se_B": 0.057094884651715756
      },
      "ccdf_powerlaw": {
        "B": 2.253752168503704,
        "r2": 0.9682989173650481
      },
      "ccdf_tempered": null
    },
    "noise": {
      "ok": false,
      "reason": "tail too small (n_tail=1386)",
      "fit": {
        "xmin": 0.00018727756945216773,
        "a_pdf": 3.1277062797355217,
        "B_ccdf": 2.1277062797355217,
        "ks": 0.014075806302597638,
        "n_tail": 1386,
        "se_B": 0.05715181936372977
      },
      "ccdf_powerlaw": {
        "B": 2.3166298257934823,
        "r2": 0.9775724062367752
      },
      "ccdf_tempered": null
    },
    "delta": {
      "ok": false,
      "reason": "tail too small (n_tail=1772)",
      "fit": {
        "xmin": 0.00024559669716910895,
        "a_pdf": 3.0921346549493944,
        "B_ccdf": 2.0921346549493944,
        "ks": 0.015304584939108468,
        "n_tail": 1772,
        "se_B": 0.049700158594885635
      },
      "ccdf_powerlaw": {
        "B": 2.014949058035404,
        "r2": 0.9919058551785066
      },
      "ccdf_tempered": {
        "B": 1.9611414297355634,
        "lam": 31.265757405390904,
        "r2": 0.9920253645200691
      }
    }
  },
  "decay": {
    "grad": {
      "ok": false,
      "reason": "tail too small (n_tail=1772)",
      "fit": {
        "xmin": 0.00017390314552562244,
        "a_pdf": 3.1068594954239357,
        "B_ccdf": 2.1068594954239357,
        "ks": 0.020561280960961326,
        "n_tail": 1772,
        "se_B": 0.05004995773670368
      },
      "ccdf_powerlaw": {
        "B": 2.3953740728750024,
        "r2": 0.9962570120066574
      },
      "ccdf_tempered": {
        "B": 2.2174591051229466,
        "lam": 152.81575170246134,
        "r2": 0.9971529886728266
      }
    },
    "noise": {
      "ok": false,
      "reason": "tail too small (n_tail=1386)",
      "fit": {
        "xmin": 0.00018383946556037255,
        "a_pdf": 3.179753393112458,
        "B_ccdf": 2.179753393112458,
        "ks": 0.01627461407951805,
        "n_tail": 1386,
        "se_B": 0.05854984466940869
      },
      "ccdf_powerlaw": {
        "B": 2.2013348756085773,
        "r2": 0.9866748001671666
      },
      "ccdf_tempered": null
    },
    "delta": {
      "ok": false,
      "reason": "tail too small (n_tail=1385)",
      "fit": {
        "xmin": 0.0002653669402934613,
        "a_pdf": 3.176421853608606,
        "B_ccdf": 2.176421853608606,
        "ks": 0.01893131040063578,
        "n_tail": 1385,
        "se_B": 0.05848145798200014
      },
      "ccdf_powerlaw": {
        "B": 2.1551502633319344,
        "r2": 0.9926814158520918
      },
      "ccdf_tempered": null
    }
  },
  "embed": {
    "grad": {
      "ok": false,
      "reason": "tail too small (n_tail=1776)",
      "fit": {
        "xmin": 0.0002582098713366798,
        "a_pdf": 2.993273230040832,
        "B_ccdf": 1.993273230040832,
        "ks": 0.01763305739239529,
        "n_tail": 1776,
        "se_B": 0.04729828060031665
      },
      "ccdf_powerlaw": {
        "B": 2.1426466326543685,
        "r2": 0.9928069025470837
      },
      "ccdf_tempered": {
        "B": 1.8381196317586668,
        "lam": 142.48745859531357,
        "r2": 0.9967286691591207
      }
    },
    "noise": {
      "ok": false,
      "reason": "tail too small (n_tail=1776)",
      "fit": {
        "xmin": 0.0002534812852343525,
        "a_pdf": 3.017711883787276,
        "B_ccdf": 2.017711883787276,
        "ks": 0.015983216934375988,
        "n_tail": 1776,
        "se_B": 0.047878184190538256
      },
      "ccdf_powerlaw": {
        "B": 2.0910404031980665,
        "r2": 0.9909053590444541
      },
      "ccdf_tempered": null
    },
    "delta": {
      "ok": false,
      "reason": "tail too small (n_tail=1000)",
      "fit": {
        "xmin": 0.0005074815303669319,
        "a_pdf": 3.156122254132118,
        "B_ccdf": 2.156122254132118,
        "ks": 0.016842031002044677,
        "n_tail": 1000,
        "se_B": 0.06818257236833886
      },
      "ccdf_powerlaw": {
        "B": 2.6154575261598976,
        "r2": 0.9640650176509108
      },
      "ccdf_tempered": {
        "B": 1.2210685518207876,
        "lam": 648.8293331037747,
        "r2": 0.9935596746499213
      }
    }
  },
  "no_decay": {
    "grad": {
      "ok": false,
      "reason": "CCDF not linear enough (R²=0.976)",
      "fit": {
        "xmin": 0.0006174556933205613,
        "a_pdf": 3.3889980574061807,
        "B_ccdf": 2.3889980574061807,
        "ks": 0.016006249689217378,
        "n_tail": 3327,
        "se_B": 0.04141802597844879
      },
      "ccdf_powerlaw": {
        "B": 2.475528064529488,
        "r2": 0.9762492323674047
      },
      "ccdf_tempered": {
        "B": 1.7639351193988044,
        "lam": 186.49047681339613,
        "r2": 0.9886571118231577
      }
    },
    "noise": {
      "ok": false,
      "reason": "CCDF not linear enough (R²=0.975)",
      "fit": {
        "xmin": 0.0005407225018443202,
        "a_pdf": 3.593603111079991,
        "B_ccdf": 2.593603111079991,
        "ks": 0.019751678420881658,
        "n_tail": 2939,
        "se_B": 0.04784138296200106
      },
      "ccdf_powerlaw": {
        "B": 2.514259133621912,
        "r2": 0.9749039753642774
      },
      "ccdf_tempered": {
        "B": 1.8509099690613344,
        "lam": 239.6686061658438,
        "r2": 0.9838150973020748
      }
    },
    "delta": {
      "ok": false,
      "reason": "B_eff too noisy (MAD=0.26)",
      "fit": {
        "xmin": 0.0007828967779285624,
        "a_pdf": 3.5613922504661857,
        "B_ccdf": 2.5613922504661857,
        "ks": 0.021209778348456165,
        "n_tail": 2939,
        "se_B": 0.04724722415968569
      },
      "ccdf_powerlaw": {
        "B": 2.3942245523866563,
        "r2": 0.9925849684857599
      },
      "ccdf_tempered": {
        "B": 2.104621898538616,
        "lam": 68.71808458294697,
        "r2": 0.994598139757689
      }
    }
  },
  "norm": {
    "grad": {
      "ok": false,
      "reason": "CCDF not linear enough (R²=0.975)",
      "fit": {
        "xmin": 0.0004929628652135615,
        "a_pdf": 3.2559189600418685,
        "B_ccdf": 2.2559189600418685,
        "ks": 0.012496177841401002,
        "n_tail": 5266,
        "se_B": 0.031087304486596815
      },
      "ccdf_powerlaw": {
        "B": 2.5130726695130887,
        "r2": 0.9754338477974306
      },
      "ccdf_tempered": {
        "B": 1.8336767697415424,
        "lam": 175.50905127058863,
        "r2": 0.9889293002533563
      }
    },
    "noise": {
      "ok": false,
      "reason": "CCDF not linear enough (R²=0.978)",
      "fit": {
        "xmin": 0.0004910266725346446,
        "a_pdf": 3.499049315335466,
        "B_ccdf": 2.499049315335466,
        "ks": 0.013721452462532036,
        "n_tail": 3716,
        "se_B": 0.04099557420676235
      },
      "ccdf_powerlaw": {
        "B": 2.589080039643032,
        "r2": 0.9782080276256442
      },
      "ccdf_tempered": {
        "B": 1.9573959366306632,
        "lam": 200.68112636170713,
        "r2": 0.9875733349515803
      }
    },
    "delta": {
      "ok": false,
      "reason": "CCDF not linear enough (R²=0.985)",
      "fit": {
        "xmin": 0.0007463104391651114,
        "a_pdf": 3.5490232828537613,
        "B_ccdf": 2.5490232828537613,
        "ks": 0.01597947374922326,
        "n_tail": 3327,
        "se_B": 0.04419238107859115
      },
      "ccdf_powerlaw": {
        "B": 2.5769189308703964,
        "r2": 0.9847463484425106
      },
      "ccdf_tempered": {
        "B": 1.951069852206238,
        "lam": 149.76426083758435,
        "r2": 0.9929742458295605
      }
    }
  }
}