{
  "all": {
    "grad": {
      "ok": false,
      "reason": "CCDF not linear enough (R²=0.975)",
      "fit": {
        "xmin": 1.2714663716906219e-05,
        "a_pdf": 2.0321355040310713,
        "B_ccdf": 1.0321355040310713,
        "ks": 0.025301570158646314,
        "n_tail": 19933,
        "se_B": 0.007310555593208793
      },
      "ccdf_powerlaw": {
        "B": 1.6444131101148796,
        "r2": 0.974909459732784
      },
      "ccdf_tempered": {
        "B": 1.3670455588755746,
        "lam": 447.99034495506453,
        "r2": 0.9887526873318525
      }
    },
    "noise": {
      "ok": false,
      "reason": "CCDF not linear enough (R²=0.976)",
      "fit": {
        "xmin": 1.3180421501601828e-05,
        "a_pdf": 2.0553559884218093,
        "B_ccdf": 1.0553559884218093,
        "ks": 0.026394573590542203,
        "n_tail": 19937,
        "se_B": 0.007474275028024561
      },
      "ccdf_powerlaw": {
        "B": 1.6552869271756514,
        "r2": 0.9764977744219111
      },
      "ccdf_tempered": {
        "B": 1.4178794293276686,
        "lam": 386.0472360683963,
        "r2": 0.986459788242589
      }
    },
    "delta": {
      "ok": false,
      "reason": "CCDF not linear enough (R²=0.962)",
      "fit": {
        "xmin": 1.828258427849505e-05,
        "a_pdf": 1.9820685216984995,
        "B_ccdf": 0.9820685216984995,
        "ks": 0.03480503479456298,
        "n_tail": 19934,
        "se_B": 0.006955759600352276
      },
      "ccdf_powerlaw": {
        "B": 1.6646737578089381,
        "r2": 0.9623608464668157
      },
      "ccdf_tempered": {
        "B": 1.2105481134824922,
        "lam": 685.5461500826744,
        "r2": 0.9943330872433029
      }
    }
  },
  "decay": {
    "grad": {
      "ok": false,
      "reason": "CCDF not linear enough (R²=0.981)",
      "fit": {
        "xmin": 1.2604814401129264e-05,
        "a_pdf": 2.0211589330612556,
        "B_ccdf": 1.0211589330612556,
        "ks": 0.02781475037388681,
        "n_tail": 19931,
        "se_B": 0.007233172064387108
      },
      "ccdf_powerlaw": {
        "B": 1.597300235973027,
        "r2": 0.9812545446749253
      },
      "ccdf_tempered": {
        "B": 1.4007294671200234,
        "lam": 268.51718874528166,
        "r2": 0.9891019178126446
      }
    },
    "noise": {
      "ok": false,
      "reason": "CCDF not linear enough (R²=0.982)",
      "fit": {
        "xmin": 1.3121006941219118e-05,
        "a_pdf": 2.0519350901038504,
        "B_ccdf": 1.0519350901038504,
        "ks": 0.02712752357413062,
        "n_tail": 19935,
        "se_B": 0.007450421143064271
      },
      "ccdf_powerlaw": {
        "B": 1.5848042933262885,
        "r2": 0.982301156844647
      },
      "ccdf_tempered": {
        "B": 1.392126323457483,
        "lam": 264.29942438420477,
        "r2": 0.9900496780574097
      }
    },
    "delta": {
      "ok": false,
      "reason": "B_eff too noisy (MAD=0.37)",
      "fit": {
        "xmin": 1.824918763304595e-05,
        "a_pdf": 1.9915990098374954,
        "B_ccdf": 0.9915990098374954,
        "ks": 0.03096354965844983,
        "n_tail": 19932,
        "se_B": 0.007023614151209354
      },
      "ccdf_powerlaw": {
        "B": 1.5290319799413608,
        "r2": 0.9873451971932152
      },
      "ccdf_tempered": {
        "B": 1.4887189621999726,
        "lam": 25.914527025553625,
        "r2": 0.9877582785149212
      }
    }
  },
  "embed": {
    "grad": {
      "ok": true,
      "reason": "clear-ish tail region",
      "fit": {
        "xmin": 0.0002217640915062347,
        "a_pdf": 2.743047617212227,
        "B_ccdf": 1.743047617212227,
        "ks": 0.026015569674550043,
        "n_tail": 2164,
        "se_B": 0.03746973514312016
      },
      "ccdf_powerlaw": {
        "B": 1.9382539540096475,
        "r2": 0.9862976171746285
      },
      "ccdf_tempered": null
    },
    "noise": {
      "ok": true,
      "reason": "clear-ish tail region",
      "fit": {
        "xmin": 0.00018221110194608194,
        "a_pdf": 2.7172459544527285,
        "B_ccdf": 1.7172459544527285,
        "ks": 0.026509898663702902,
        "n_tail": 2939,
        "se_B": 0.031676173195485574
      },
      "ccdf_powerlaw": {
        "B": 2.008257856821639,
        "r2": 0.9930940144356835
      },
      "ccdf_tempered": null
    },
    "delta": {
      "ok": true,
      "reason": "clear-ish tail region",
      "fit": {
        "xmin": 0.0003263619707835535,
        "a_pdf": 2.828261209226344,
        "B_ccdf": 1.8282612092263442,
        "ks": 0.025223358391393336,
        "n_tail": 2164,
        "se_B": 0.03930154437875627
      },
      "ccdf_powerlaw": {
        "B": 2.0078075019565946,
        "r2": 0.9972545814313717
      },
      "ccdf_tempered": {
        "B": 1.8759946661849922,
        "lam": 47.75441088747394,
        "r2": 0.9981363492033916
      }
    }
  },
  "no_decay": {
    "grad": {
      "ok": false,
      "reason": "CCDF not linear enough (R²=0.956)",
      "fit": {
        "xmin": 0.0003971968110346674,
        "a_pdf": 2.768571171057455,
        "B_ccdf": 1.768571171057455,
        "ks": 0.03327746909100027,
        "n_tail": 6041,
        "se_B": 0.022754543312635052
      },
      "ccdf_powerlaw": {
        "B": 1.4933574869235944,
        "r2": 0.9564788767967141
      },
      "ccdf_tempered": {
        "B": 1.1998065316854503,
        "lam": 48.76448024557735,
        "r2": 0.9673025820307063
      }
    },
    "noise": {
      "ok": false,
      "reason": "CCDF not linear enough (R²=0.981)",
      "fit": {
        "xmin": 0.0003914410635123352,
        "a_pdf": 2.862439254431889,
        "B_ccdf": 1.862439254431889,
        "ks": 0.030868636263019833,
        "n_tail": 5654,
        "se_B": 0.024768757122709074
      },
      "ccdf_powerlaw": {
        "B": 1.5692528658740565,
        "r2": 0.9811465596121961
      },
      "ccdf_tempered": {
        "B": 1.4139507788849301,
        "lam": 27.333510967199356,
        "r2": 0.9839086585307681
      }
    },
    "delta": {
      "ok": false,
      "reason": "CCDF not linear enough (R²=0.981)",
      "fit": {
        "xmin": 0.0006032063392922282,
        "a_pdf": 2.9009668714701013,
        "B_ccdf": 1.9009668714701013,
        "ks": 0.030834094428328074,
        "n_tail": 5267,
        "se_B": 0.026193461163303063
      },
      "ccdf_powerlaw": {
        "B": 1.5489506692614892,
        "r2": 0.9811877684520895
      },
      "ccdf_tempered": {
        "B": 1.4018941587454816,
        "lam": 18.582928211873345,
        "r2": 0.9835733778555955
      }
    }
  },
  "norm": {
    "grad": {
      "ok": false,
      "reason": "CCDF not linear enough (R²=0.964)",
      "fit": {
        "xmin": 0.0003994574071839452,
        "a_pdf": 2.8192718775834793,
        "B_ccdf": 1.8192718775834793,
        "ks": 0.03253103865175522,
        "n_tail": 6042,
        "se_B": 0.02340492456663548
      },
      "ccdf_powerlaw": {
        "B": 1.630172190296293,
        "r2": 0.9644046087103721
      },
      "ccdf_tempered": {
        "B": 1.3012905533781987,
        "lam": 55.2049257155408,
        "r2": 0.976043260110516
      }
    },
    "noise": {
      "ok": true,
      "reason": "clear-ish tail region",
      "fit": {
        "xmin": 0.00042643241668048805,
        "a_pdf": 2.942204595959709,
        "B_ccdf": 1.942204595959709,
        "ks": 0.03153361278070976,
        "n_tail": 4878,
        "se_B": 0.02780827691495624
      },
      "ccdf_powerlaw": {
        "B": 1.6141098001824945,
        "r2": 0.9872250812217656
      },
      "ccdf_tempered": {
        "B": 1.5261019798946864,
        "lam": 15.244309849409586,
        "r2": 0.9880475735616677
      }
    },
    "delta": {
      "ok": false,
      "reason": "CCDF not linear enough (R²=0.974)",
      "fit": {
        "xmin": 0.0006720232060986891,
        "a_pdf": 2.981766836495594,
        "B_ccdf": 1.981766836495594,
        "ks": 0.02818914896130298,
        "n_tail": 4490,
        "se_B": 0.029575315484722742
      },