{
  "all": {
    "grad": {
      "ok": false,
      "reason": "tail too small (n_tail=1000)",
      "fit": {
        "xmin": 0.00016555619709834174,
        "a_pdf": 2.771768644474789,
        "B_ccdf": 1.7717686444747889,
        "ks": 0.015308663368225117,
        "n_tail": 1000,
        "se_B": 0.056028244034094364
      },
      "ccdf_powerlaw": {
        "B": 1.8089161306713937,
        "r2": 0.9870596687525642
      },
      "ccdf_tempered": {
        "B": 1.5298512332742653,
        "lam": 217.38409372930786,
        "r2": 0.9916292762668346
      }
    },
    "noise": {
      "ok": false,
      "reason": "tail too small (n_tail=1000)",
      "fit": {
        "xmin": 0.00016001399941160493,
        "a_pdf": 2.8272010278005784,
        "B_ccdf": 1.8272010278005784,
        "ks": 0.018539136886596697,
        "n_tail": 1000,
        "se_B": 0.05778116990850471
      },
      "ccdf_powerlaw": {
        "B": 1.9840036028273378,
        "r2": 0.9870988856260167
      },
      "ccdf_tempered": {
        "B": 1.5680281856941776,
        "lam": 356.60406242160775,
        "r2": 0.9951141610355926
      }
    },
    "delta": {
      "ok": false,
      "reason": "tail too small (n_tail=1000)",
      "fit": {
        "xmin": 0.00023434833739884384,
        "a_pdf": 2.855478139525297,
        "B_ccdf": 1.8554781395252968,
        "ks": 0.024024213790893534,
        "n_tail": 1000,
        "se_B": 0.058675370695516336
      },
      "ccdf_powerlaw": {
        "B": 2.082186529359286,
        "r2": 0.9870665475606356
      },
      "ccdf_tempered": {
        "B": 1.6054712603083239,
        "lam": 367.1362967041798,
        "r2": 0.9942860300578928
      }
    }
  },
  "decay": {
    "grad": {
      "ok": false,
      "reason": "tail too small (n_tail=1775)",
      "fit": {
        "xmin": 0.00011375888259454479,
        "a_pdf": 2.67001320891692,
        "B_ccdf": 1.6700132089169202,
        "ks": 0.03024589273291578,
        "n_tail": 1775,
        "se_B": 0.03963882090568121
      },
      "ccdf_powerlaw": {
        "B": 1.8101873697552895,
        "r2": 0.9940994073411665
      },
      "ccdf_tempered": {
        "B": 1.6441310289165927,
        "lam": 151.93689000848047,
        "r2": 0.9959034192273868
      }
    },
    "noise": {
      "ok": false,
      "reason": "tail too small (n_tail=1000)",
      "fit": {
        "xmin": 0.00015760345435410293,
        "a_pdf": 2.791746243938202,
        "B_ccdf": 1.791746243938202,
        "ks": 0.022843740463256837,
        "n_tail": 1000,
        "se_B": 0.0566599911989638
      },
      "ccdf_powerlaw": {
        "B": 1.6824434482525479,
        "r2": 0.9925495563944251
      },
      "ccdf_tempered": null
    },
    "delta": {
      "ok": false,
      "reason": "tail too small (n_tail=1000)",
      "fit": {
        "xmin": 0.00023727130610495846,
        "a_pdf": 2.7422508703013113,
        "B_ccdf": 1.7422508703013113,
        "ks": 0.021078523635864266,
        "n_tail": 1000,
        "se_B": 0.05509481005562753
      },
      "ccdf_powerlaw": {
        "B": 1.731874105381183,
        "r2": 0.9946806130775353
      },
      "ccdf_tempered": null
    }
  },
  "embed": {
    "grad": {
      "ok": true,
      "reason": "clear-ish tail region",
      "fit": {
        "xmin": 0.00017667782533918608,
        "a_pdf": 2.6522663629470804,
        "B_ccdf": 1.6522663629470804,
        "ks": 0.014374296678412612,
        "n_tail": 2164,
        "se_B": 0.03551823965918403
      },
      "ccdf_powerlaw": {
        "B": 1.6628039336326192,
        "r2": 0.9957839941253818
      },
      "ccdf_tempered": {
        "B": 1.6163702918551341,
        "lam": 15.653559236015697,
        "r2": 0.9960262702210549
      }
    },
    "noise": {
      "ok": false,
      "reason": "tail too small (n_tail=1000)",
      "fit": {
        "xmin": 0.0002793524578737563,
        "a_pdf": 2.738032726019042,
        "B_ccdf": 1.7380327260190418,
        "ks": 0.016744057655334488,
        "n_tail": 1000,
        "se_B": 0.054961420621315656
      },
      "ccdf_powerlaw": {
        "B": 1.800437460069082,
        "r2": 0.9907740200047447
      },
      "ccdf_tempered": {
        "B": 1.6907581322641545,
        "lam": 35.41919591272959,
        "r2": 0.9916714569940515
      }
    },
    "delta": {
      "ok": true,
      "reason": "clear-ish tail region",
      "fit": {
        "xmin": 0.00025816880146336114,
        "a_pdf": 2.6645047260605046,
        "B_ccdf": 1.6645047260605046,
        "ks": 0.017832349827461458,
        "n_tail": 2164,
        "se_B": 0.03578132382275884
      },
      "ccdf_powerlaw": {
        "B": 1.7694868858288884,
        "r2": 0.9972585300626203
      },
      "ccdf_tempered": null
    }
  },
  "no_decay": {
    "grad": {
      "ok": false,
      "reason": "B_eff too noisy (MAD=0.39)",
      "fit": {
        "xmin": 0.00035918365455973845,
        "a_pdf": 2.786448399419244,
        "B_ccdf": 1.786448399419244,
        "ks": 0.03683397364801888,
        "n_tail": 6041,
        "se_B": 0.02298455281054232
      },
      "ccdf_powerlaw": {
        "B": 1.5433349663476672,
        "r2": 0.9864037704862856
      },
      "ccdf_tempered": {
        "B": 1.4236076789737897,
        "lam": 16.594430895419976,
        "r2": 0.9884708677518068
      }
    },
    "noise": {
      "ok": false,
      "reason": "B_eff too noisy (MAD=0.39)",
      "fit": {
        "xmin": 0.00028022940585102255,
        "a_pdf": 2.760193965926754,
        "B_ccdf": 1.7601939659267538,
        "ks": 0.037712162191217646,
        "n_tail": 5654,
        "se_B": 0.02340898728758631
      },
      "ccdf_powerlaw": {
        "B": 1.4788439064157488,
        "r2": 0.9878634541872763
      },
      "ccdf_tempered": {
        "B": 1.3437122699617996,
        "lam": 20.7545691623776,
        "r2": 0.9909167060244994
      }
    },
    "delta": {
      "ok": false,
      "reason": "CCDF not linear enough (R²=0.952)",
      "fit": {
        "xmin": 0.0004131094038507863,
        "a_pdf": 2.756659804512031,
        "B_ccdf": 1.7566598045120312,
        "ks": 0.0355884865648467,
        "n_tail": 5654,
        "se_B": 0.02336198613814994
      },
      "ccdf_powerlaw": {
        "B": 1.6049407009719288,
        "r2": 0.9516188146789668
      },
      "ccdf_tempered": {
        "B": 1.169790816834654,
        "lam": 65.45043063066353,
        "r2": 0.9732626659866633
      }
    }
  },
  "norm": {
    "grad": {
      "ok": false,
      "reason": "B_eff too noisy (MAD=0.31)",
      "fit": {
        "xmin": 0.00040506405639462173,
        "a_pdf": 2.8793015541219598,
        "B_ccdf": 1.8793015541219598,
        "ks": 0.03496199091449059,
        "n_tail": 5267,
        "se_B": 0.025894934315167976
      },
      "ccdf_powerlaw": {
        "B": 1.688551947040602,
        "r2": 0.9864134251905728
      },
      "ccdf_tempered": {
        "B": 1.5574513853306622,
        "lam": 17.396337395553772,
        "r2": 0.9883732437958793
      }
    },
    "noise": {
      "ok": false,
      "reason": "B_eff too noisy (MAD=0.32)",
      "fit": {
        "xmin": 0.0003008130548001578,
        "a_pdf": 2.8572767896198297,
        "B_ccdf": 1.8572767896198297,
        "ks": 0.024379312448794987,
        "n_tail": 5266,
        "se_B": 0.02559388439810315
      },
      "ccdf_powerlaw": {
        "B": 1.6073601993382274,
        "r2": 0.9914987428349166
      },
      "ccdf_tempered": {
        "B": 1.5697596332073536,
        "lam": 5.624989681770684,
        "r2": 0.991693024423658
      }
    },
    "delta": {
      "ok": false,
      "reason": "CCDF not linear enough (R²=0.980)",
      "fit": {
        "xmin": 0.000439913138599915,
        "a_pdf": 2.8411788988335367,
        "B_ccdf": 1.8411788988335367,
        "ks": 0.031022283273009488,
        "n_tail": 5266,
        "se_B": 0.025372050173855933
      },
      "ccdf_powerlaw": {
        "B": 1.6938683525868254,
        "r2": 0.9801428860021755
      },