{
  "all": {
    "grad": {
      "ok": false,
      "reason": "CCDF not linear enough (R²=0.957)",
      "fit": {
        "xmin": 1.2856688226747808e-05,
        "a_pdf": 2.0293132306349406,
        "B_ccdf": 1.0293132306349406,
        "ks": 0.02768077216982645,
        "n_tail": 19936,
        "se_B": 0.0072900170268947
      },
      "ccdf_powerlaw": {
        "B": 1.617549247337276,
        "r2": 0.9568123545679089
      },
      "ccdf_tempered": {
        "B": 1.1222713227181147,
        "lam": 1191.5347137753336,
        "r2": 0.9947068505783973
      }
    },
    "noise": {
      "ok": false,
      "reason": "CCDF not linear enough (R²=0.963)",
      "fit": {
        "xmin": 1.3652684538101317e-05,
        "a_pdf": 2.0704387566983895,
        "B_ccdf": 1.0704387566983895,
        "ks": 0.0270862314160486,
        "n_tail": 19939,
        "se_B": 0.0075807144550252
      },
      "ccdf_powerlaw": {
        "B": 1.6360076152731786,
        "r2": 0.9628557062182586
      },
      "ccdf_tempered": {
        "B": 1.1726838843781473,
        "lam": 1134.0935160535826,
        "r2": 0.9946701995465361
      }
    },
    "delta": {
      "ok": false,
      "reason": "CCDF not linear enough (R²=0.976)",
      "fit": {
        "xmin": 1.8688321142690275e-05,
        "a_pdf": 1.9868789566664389,
        "B_ccdf": 0.9868789566664389,
        "ks": 0.036219127496769254,
        "n_tail": 19937,
        "se_B": 0.006989304862452481
      },
      "ccdf_powerlaw": {
        "B": 1.7017984664235897,
        "r2": 0.9757606104452236
      },
      "ccdf_tempered": {
        "B": 1.4350350344950378,
        "lam": 253.06815597097327,
        "r2": 0.9884313615256127
      }
    }
  },
  "decay": {
    "grad": {
      "ok": false,
      "reason": "tail too small (n_tail=1384)",
      "fit": {
        "xmin": 0.00016737321666109237,
        "a_pdf": 2.8095586186246964,
        "B_ccdf": 1.8095586186246964,
        "ks": 0.020753329544398125,
        "n_tail": 1384,
        "se_B": 0.048641237011756815
      },
      "ccdf_powerlaw": {
        "B": 1.8338706784933807,
        "r2": 0.9788939494873404
      },
      "ccdf_tempered": null
    },
    "noise": {
      "ok": false,
      "reason": "tail too small (n_tail=1384)",
      "fit": {
        "xmin": 0.00016739055296353865,
        "a_pdf": 2.8442414667423055,
        "B_ccdf": 1.8442414667423055,
        "ks": 0.020709059486499426,
        "n_tail": 1384,
        "se_B": 0.04957351774484164
      },
      "ccdf_powerlaw": {
        "B": 1.9179556845784622,
        "r2": 0.9768571350367153
      },
      "ccdf_tempered": null
    },
    "delta": {
      "ok": false,
      "reason": "tail too small (n_tail=1384)",
      "fit": {
        "xmin": 0.00024344740701573214,
        "a_pdf": 2.81216255894105,
        "B_ccdf": 1.8121625589410502,
        "ks": 0.03336941196739329,
        "n_tail": 1384,
        "se_B": 0.04871123136109074
      },
      "ccdf_powerlaw": {
        "B": 1.9788675195766388,
        "r2": 0.9888254398766995
      },
      "ccdf_tempered": null
    }
  },
  "embed": {
    "grad": {
      "ok": true,
      "reason": "clear-ish tail region",
      "fit": {
        "xmin": 0.00019736894593771402,
        "a_pdf": 2.7374666443714046,
        "B_ccdf": 1.7374666443714046,
        "ks": 0.017539901793189983,
        "n_tail": 2552,
        "se_B": 0.03439348158232792
      },
      "ccdf_powerlaw": {
        "B": 1.8163520722697046,
        "r2": 0.9933099054396026
      },
      "ccdf_tempered": null
    },
    "noise": {
      "ok": true,
      "reason": "clear-ish tail region",
      "fit": {
        "xmin": 0.00021749954574149845,
        "a_pdf": 2.778006364820775,
        "B_ccdf": 1.778006364820775,
        "ks": 0.019346756106604024,
        "n_tail": 2164,
        "se_B": 0.03822123211938893
      },
      "ccdf_powerlaw": {
        "B": 1.7778017765497478,
        "r2": 0.9908540125789539
      },
      "ccdf_tempered": null
    },
    "delta": {
      "ok": false,
      "reason": "tail too small (n_tail=1000)",
      "fit": {
        "xmin": 0.0005207138563855579,
        "a_pdf": 2.9848646799363303,
        "B_ccdf": 1.9848646799363303,
        "ks": 0.023183971405029258,
        "n_tail": 1000,
        "se_B": 0.06276693235819918
      },
      "ccdf_powerlaw": {
        "B": 2.131639787659799,
        "r2": 0.9824451642616998
      },
      "ccdf_tempered": null
    }
  },
  "no_decay": {
    "grad": {
      "ok": false,
      "reason": "CCDF not linear enough (R²=0.965)",
      "fit": {
        "xmin": 0.00039720808854326606,
        "a_pdf": 2.855815738963532,
        "B_ccdf": 1.855815738963532,
        "ks": 0.03408034928247827,
        "n_tail": 6043,
        "se_B": 0.02387308566690603
      },
      "ccdf_powerlaw": {
        "B": 1.6318176775930737,
        "r2": 0.9650359499711995
      },
      "ccdf_tempered": {
        "B": 1.2479370434424923,
        "lam": 51.37672855977242,
        "r2": 0.9826147844205049
      }
    },
    "noise": {
      "ok": false,
      "reason": "CCDF not linear enough (R²=0.967)",
      "fit": {
        "xmin": 0.00040864062611944973,
        "a_pdf": 2.9511364654850336,
        "B_ccdf": 1.9511364654850336,
        "ks": 0.03308704095387427,
        "n_tail": 5267,
        "se_B": 0.02688474901904173
      },
      "ccdf_powerlaw": {
        "B": 1.6184833954220639,
        "r2": 0.9669048171800947
      },
      "ccdf_tempered": {
        "B": 1.2940253043901186,
        "lam": 44.50599684918603,
        "r2": 0.9795146858430799
      }
    },
    "delta": {
      "ok": false,
      "reason": "CCDF not linear enough (R²=0.968)",
      "fit": {
        "xmin": 0.0006231585894271789,
        "a_pdf": 3.028986466814719,
        "B_ccdf": 2.028986466814719,
        "ks": 0.03868467507669304,
        "n_tail": 4878,
        "se_B": 0.029050810426077718
      },
      "ccdf_powerlaw": {
        "B": 1.6310992914285594,
        "r2": 0.9676754838151387
      },
      "ccdf_tempered": {
        "B": 1.3208845871013308,
        "lam": 25.876274858257553,
        "r2": 0.9794729118689052
      }
    }
  },
  "norm": {
    "grad": {
      "ok": false,
      "reason": "CCDF not linear enough (R²=0.972)",
      "fit": {
        "xmin": 0.0004321170936823281,
        "a_pdf": 2.931714008111582,
        "B_ccdf": 1.931714008111582,
        "ks": 0.037847361884278286,
        "n_tail": 5266,
        "se_B": 0.026619653726424008
      },
      "ccdf_powerlaw": {
        "B": 1.628784913532979,
        "r2": 0.97221931437986
      },
      "ccdf_tempered": {
        "B": 1.318212906548077,
        "lam": 40.60612173103645,
        "r2": 0.9834823424903463
      }
    },
    "noise": {
      "ok": false,
      "reason": "CCDF not linear enough (R²=0.980)",
      "fit": {
        "xmin": 0.0004239195835632899,
        "a_pdf": 2.985012674888223,
        "B_ccdf": 1.9850126748882229,
        "ks": 0.03706846280193754,
        "n_tail": 4878,
        "se_B": 0.028421198393732368
      },
      "ccdf_powerlaw": {
        "B": 1.6627757926577504,
        "r2": 0.9796282977277917
      },
      "ccdf_tempered": {
        "B": 1.43363601201464,
        "lam": 30.99434091887149,
        "r2": 0.9855848881513137
      }
    },
    "delta": {
      "ok": false,
      "reason": "CCDF not linear enough (R²=0.972)",
      "fit": {
        "xmin": 0.0005922644362993997,
        "a_pdf": 2.9723546196154107,
        "B_ccdf": 1.9723546196154107,
        "ks": 0.03536304753405306,
        "n_tail": 5266,
        "se_B": 0.027179694706051027
      },
      "ccdf_powerlaw": {
        "B": 1.605653677646884,
        "r2": 0.971870894019362
      },
      "ccdf_tempered": {
        "B": 1.3467270060153687,
        "lam": 27.30768267467186,
        "r2": 0.9795197534627968
      }
    }
  }
}