{
  "all": {
    "grad": {
      "ok": true,
      "reason": "clear-ish tail region",
      "fit": {
        "xmin": 0.00020514446695879277,
        "a_pdf": 3.0171077914262128,
        "B_ccdf": 2.0171077914262128,
        "ks": 0.02233736503341588,
        "n_tail": 2139,
        "se_B": 0.04361377860347676
      },
      "ccdf_powerlaw": {
        "B": 2.3984153854094132,
        "r2": 0.9932594835059855
      },
      "ccdf_tempered": {
        "B": 2.024579926882,
        "lam": 256.81127395324273,
        "r2": 0.9973948635006427
      }
    },
    "noise": {
      "ok": false,
      "reason": "tail too small (n_tail=1374)",
      "fit": {
        "xmin": 0.0002499776795905618,
        "a_pdf": 3.087644351032183,
        "B_ccdf": 2.087644351032183,
        "ks": 0.02269404883641518,
        "n_tail": 1374,
        "se_B": 0.05632006512219862
      },
      "ccdf_powerlaw": {
        "B": 2.3874253315505607,
        "r2": 0.9907799944269631
      },
      "ccdf_tempered": {
        "B": 1.9920207909592516,
        "lam": 254.1242225921938,
        "r2": 0.9951810831907619
      }
    },
    "delta": {
      "ok": false,
      "reason": "tail too small (n_tail=1373)",
      "fit": {
        "xmin": 0.0003623125558167856,
        "a_pdf": 3.130617486264786,
        "B_ccdf": 2.130617486264786,
        "ks": 0.020988744449546015,
        "n_tail": 1373,
        "se_B": 0.057500314276206756
      },
      "ccdf_powerlaw": {
        "B": 2.420263971823886,
        "r2": 0.995140400582899
      },
      "ccdf_tempered": {
        "B": 2.3313640697921754,
        "lam": 38.62743275084746,
        "r2": 0.9953478072057688
      }
    }
  },
  "decay": {
    "grad": {
      "ok": false,
      "reason": "tail too small (n_tail=1756)",
      "fit": {
        "xmin": 0.00022345643553512231,
        "a_pdf": 3.0603775184751676,
        "B_ccdf": 2.0603775184751676,
        "ks": 0.01692207500440379,
        "n_tail": 1756,
        "se_B": 0.049168226856923805
      },
      "ccdf_powerlaw": {
        "B": 1.9913797125499029,
        "r2": 0.9801680323553983
      },
      "ccdf_tempered": null
    },
    "noise": {
      "ok": false,
      "reason": "tail too small (n_tail=1758)",
      "fit": {
        "xmin": 0.00021660648511451772,
        "a_pdf": 3.0668672175141425,
        "B_ccdf": 2.0668672175141425,
        "ks": 0.015695417361319186,
        "n_tail": 1758,
        "se_B": 0.04929503072262585
      },
      "ccdf_powerlaw": {
        "B": 1.991572010371993,
        "r2": 0.979461394752389
      },
      "ccdf_tempered": null
    },
    "delta": {
      "ok": true,
      "reason": "clear-ish tail region",
      "fit": {
        "xmin": 0.00028510300943280885,
        "a_pdf": 3.0617690525300154,
        "B_ccdf": 2.0617690525300154,
        "ks": 0.020911554086988193,
        "n_tail": 2140,
        "se_B": 0.04456902462541658
      },
      "ccdf_powerlaw": {
        "B": 2.239307249602025,
        "r2": 0.9971943632048413
      },
      "ccdf_tempered": null
    }
  },
  "embed": {
    "grad": {
      "ok": false,
      "reason": "CCDF not linear enough (R²=0.982)",
      "fit": {
        "xmin": 0.00026915229837367417,
        "a_pdf": 3.0469117504764682,
        "B_ccdf": 2.0469117504764682,
        "ks": 0.026064465094405964,
        "n_tail": 2164,
        "se_B": 0.044001804881475794
      },
      "ccdf_powerlaw": {
        "B": 2.6865119490271665,
        "r2": 0.9823557862236771
      },
      "ccdf_tempered": {
        "B": 1.9582238390759013,
        "lam": 460.1418959921142,
        "r2": 0.9929687682237577
      }
    },
    "noise": {
      "ok": false,
      "reason": "CCDF not linear enough (R²=0.976)",
      "fit": {
        "xmin": 0.0002404346872267805,
        "a_pdf": 3.0019435318577967,
        "B_ccdf": 2.0019435318577967,
        "ks": 0.0277603291045162,
        "n_tail": 2552,
        "se_B": 0.03962885170478893
      },
      "ccdf_powerlaw": {
        "B": 2.6938921859276226,
        "r2": 0.9758295789335256
      },
      "ccdf_tempered": {
        "B": 1.594158006633557,
        "lam": 854.2879161762761,
        "r2": 0.9974624641241138
      }
    },
    "delta": {
      "ok": false,
      "reason": "tail too small (n_tail=1000)",
      "fit": {
        "xmin": 0.0005665663475519987,
        "a_pdf": 3.2649815520957506,
        "B_ccdf": 2.2649815520957506,
        "ks": 0.01550778675079345,
        "n_tail": 1000,
        "se_B": 0.07162500562885894
      },
      "ccdf_powerlaw": {
        "B": 2.112417093494855,
        "r2": 0.9732423821007095
      },
      "ccdf_tempered": null
    }
  },
  "no_decay": {
    "grad": {
      "ok": true,
      "reason": "clear-ish tail region",
      "fit": {
        "xmin": 0.0005580254075621085,
        "a_pdf": 3.1516846199252004,
        "B_ccdf": 2.1516846199252004,
        "ks": 0.00863965582632506,
        "n_tail": 7205,
        "se_B": 0.02534904620412921
      },
      "ccdf_powerlaw": {
        "B": 2.3162846952785068,
        "r2": 0.9921771697263468
      },
      "ccdf_tempered": null
    },
    "noise": {
      "ok": true,
      "reason": "clear-ish tail region",
      "fit": {
        "xmin": 0.0005836607857871017,
        "a_pdf": 3.1901750548660095,
        "B_ccdf": 2.1901750548660095,
        "ks": 0.011185785275193788,
        "n_tail": 5654,
        "se_B": 0.029127346763714868
      },
      "ccdf_powerlaw": {
        "B": 2.5474876231052046,
        "r2": 0.991599891557044
      },
      "ccdf_tempered": {
        "B": 2.339426116434515,
        "lam": 41.965818015515076,
        "r2": 0.9929489845773404
      }
    },
    "delta": {
      "ok": true,
      "reason": "clear-ish tail region",
      "fit": {
        "xmin": 0.0009592434644404491,
        "a_pdf": 3.278512942435802,
        "B_ccdf": 2.278512942435802,
        "ks": 0.007152206064067065,
        "n_tail": 4490,
        "se_B": 0.03400386860228528
      },
      "ccdf_powerlaw": {
        "B": 2.6951198792040154,
        "r2": 0.9869339550113483
      },
      "ccdf_tempered": {
        "B": 1.9548238384167456,
        "lam": 132.95656507911906,
        "r2": 0.997631334106079
      }
    }
  },
  "norm": {
    "grad": {
      "ok": false,
      "reason": "CCDF not linear enough (R²=0.973)",
      "fit": {
        "xmin": 0.0005409674987206427,
        "a_pdf": 3.116476172346082,
        "B_ccdf": 2.116476172346082,
        "ks": 0.012091495842526667,
        "n_tail": 7592,
        "se_B": 0.024290434520235847
      },
      "ccdf_powerlaw": {
        "B": 2.5679022039388677,
        "r2": 0.9731348470952388
      },
      "ccdf_tempered": {
        "B": 1.6285867001591305,
        "lam": 250.1889288758353,
        "r2": 0.9953973945030664
      }
    },
    "noise": {
      "ok": true,
      "reason": "clear-ish tail region",
      "fit": {
        "xmin": 0.0005862294347025454,
        "a_pdf": 3.1640596073841314,
        "B_ccdf": 2.1640596073841314,
        "ks": 0.009745001645345419,
        "n_tail": 5655,
        "se_B": 0.028777490172679217
      },
      "ccdf_powerlaw": {
        "B": 2.552884830403669,
        "r2": 0.9865828739576609
      },
      "ccdf_tempered": {
        "B": 1.8807053932864823,
        "lam": 186.3934592285337,
        "r2": 0.9971271223690651
      }
    },
    "delta": {
      "ok": true,
      "reason": "clear-ish tail region",
      "fit": {
        "xmin": 0.0009552781402408996,
        "a_pdf": 3.2414131097214485,
        "B_ccdf": 2.2414131097214485,
        "ks": 0.009558901330145031,
        "n_tail": 4490,
        "se_B": 0.03345020142169116
      },
      "ccdf_powerlaw": {
        "B": 2.7376102866370533,
        "r2": 0.9856360990006813
      },
      "ccdf_tempered": {
        "B": 2.0441827100958885,
        "lam": 114.20541014427904,
        "r2": 0.9956993070976722
      }
    }
  }
}