{
  "all": {
    "grad": {
      "ok": false,
      "reason": "tail too small (n_tail=1387)",
      "fit": {
        "xmin": 0.0001794670622650909,
        "a_pdf": 3.050346367896499,
        "B_ccdf": 2.050346367896499,
        "ks": 0.024237932751483005,
        "n_tail": 1387,
        "se_B": 0.05505401574029094
      },
      "ccdf_powerlaw": {
        "B": 2.0704556788575266,
        "r2": 0.9962141792075104
      },
      "ccdf_tempered": {
        "B": 1.9377915711204947,
        "lam": 106.59677764995635,
        "r2": 0.9969018699965806
      }
    },
    "noise": {
      "ok": false,
      "reason": "B_eff too noisy (MAD=0.25)",
      "fit": {
        "xmin": 2.0873640460195025e-05,
        "a_pdf": 2.2159040808070727,
        "B_ccdf": 1.2159040808070727,
        "ks": 0.02943332387374198,
        "n_tail": 19989,
        "se_B": 0.008600105562421386
      },
      "ccdf_powerlaw": {
        "B": 1.8295560849276165,
        "r2": 0.9856341844814057
      },
      "ccdf_tempered": {
        "B": 1.5427343811314336,
        "lam": 520.3291113490782,
        "r2": 0.9952851026254238
      }
    },
    "delta": {
      "ok": false,
      "reason": "tail too small (n_tail=1000)",
      "fit": {
        "xmin": 0.00029416438657790415,
        "a_pdf": 3.2009654479053347,
        "B_ccdf": 2.2009654479053347,
        "ks": 0.018446689605712885,
        "n_tail": 1000,
        "se_B": 0.06960063866713531
      },
      "ccdf_powerlaw": {
        "B": 2.3584926853068446,
        "r2": 0.9907785479799716
      },
      "ccdf_tempered": {
        "B": 1.949172124828721,
        "lam": 256.5867411707405,
        "r2": 0.9948586615948964
      }
    }
  },
  "decay": {
    "grad": {
      "ok": true,
      "reason": "clear-ish tail region",
      "fit": {
        "xmin": 0.0001387971701642155,
        "a_pdf": 2.96688684209182,
        "B_ccdf": 1.96688684209182,
        "ks": 0.023244937407981503,
        "n_tail": 2162,
        "se_B": 0.04230108726836699
      },
      "ccdf_powerlaw": {
        "B": 2.0911698599302424,
        "r2": 0.9965867054600341
      },
      "ccdf_tempered": {
        "B": 2.0122712223392414,
        "lam": 59.28543146461748,
        "r2": 0.9969039918793953
      }
    },
    "noise": {
      "ok": false,
      "reason": "tail too small (n_tail=1000)",
      "fit": {
        "xmin": 0.0001977700412680862,
        "a_pdf": 3.086271742369888,
        "B_ccdf": 2.086271742369888,
        "ks": 0.014747809410095236,
        "n_tail": 1000,
        "se_B": 0.06597370523936859
      },
      "ccdf_powerlaw": {
        "B": 2.0494139851812374,
        "r2": 0.9978299876139894
      },
      "ccdf_tempered": null
    },
    "delta": {
      "ok": true,
      "reason": "clear-ish tail region",
      "fit": {
        "xmin": 0.0001974608526358437,
        "a_pdf": 2.9412358445762172,
        "B_ccdf": 1.9412358445762172,
        "ks": 0.024895233649219417,
        "n_tail": 2162,
        "se_B": 0.04174942102036149
      },
      "ccdf_powerlaw": {
        "B": 2.0149450752543676,
        "r2": 0.9956947083676874
      },
      "ccdf_tempered": {
        "B": 1.8960734368094438,
        "lam": 96.04558221213142,
        "r2": 0.9962411736483
      }
    }
  },
  "embed": {
    "grad": {
      "ok": true,
      "reason": "clear-ish tail region",
      "fit": {
        "xmin": 0.00020285920128321395,
        "a_pdf": 2.9020130457123976,
        "B_ccdf": 1.9020130457123976,
        "ks": 0.013282884811532891,
        "n_tail": 2552,
        "se_B": 0.03765070878855567
      },
      "ccdf_powerlaw": {
        "B": 1.8188248577857016,
        "r2": 0.988555463920269
      },
      "ccdf_tempered": null
    },
    "noise": {
      "ok": false,
      "reason": "tail too small (n_tail=1388)",
      "fit": {
        "xmin": 0.0002716425486854563,
        "a_pdf": 2.9349994477749073,
        "B_ccdf": 1.9349994477749073,
        "ks": 0.013620805671647918,
        "n_tail": 1388,
        "se_B": 0.05193810647394497
      },
      "ccdf_powerlaw": {
        "B": 1.835547254438371,
        "r2": 0.9844157403814433
      },
      "ccdf_tempered": null
    },
    "delta": {
      "ok": true,
      "reason": "clear-ish tail region",
      "fit": {
        "xmin": 0.00031511324642544494,
        "a_pdf": 2.9789542496501453,
        "B_ccdf": 1.9789542496501453,
        "ks": 0.016035365860034734,
        "n_tail": 2164,
        "se_B": 0.042540944299236945
      },
      "ccdf_powerlaw": {
        "B": 1.7300370070669746,
        "r2": 0.9925681592812715
      },
      "ccdf_tempered": null
    }
  },
  "no_decay": {
    "grad": {
      "ok": false,
      "reason": "CCDF not linear enough (R²=0.984)",
      "fit": {
        "xmin": 0.0005646587911475336,
        "a_pdf": 3.5206885848850344,
        "B_ccdf": 2.5206885848850344,
        "ks": 0.024814362349652064,
        "n_tail": 3327,
        "se_B": 0.04370114281536945
      },
      "ccdf_powerlaw": {
        "B": 2.3011228826961974,
        "r2": 0.9842311059591289
      },
      "ccdf_tempered": {
        "B": 1.8876891794638508,
        "lam": 99.68931539870421,
        "r2": 0.9900566732477644
      }
    },
    "noise": {
      "ok": false,
      "reason": "CCDF not linear enough (R²=0.978)",
      "fit": {
        "xmin": 0.0004667722615080754,
        "a_pdf": 3.393547383433907,
        "B_ccdf": 2.393547383433907,
        "ks": 0.020450333823746947,
        "n_tail": 3715,
        "se_B": 0.03927015543820602
      },
      "ccdf_powerlaw": {
        "B": 2.2249340372062454,
        "r2": 0.9782581402033931
      },
      "ccdf_tempered": {
        "B": 1.7980826156560155,
        "lam": 112.76940363841973,
        "r2": 0.9853598496918129
      }
    },
    "delta": {
      "ok": false,
      "reason": "B_eff too noisy (MAD=0.41)",
      "fit": {
        "xmin": 0.0006444100976852744,
        "a_pdf": 3.3873697270665337,
        "B_ccdf": 2.3873697270665337,
        "ks": 0.023775845453735123,
        "n_tail": 4103,
        "se_B": 0.03727081795780585
      },
      "ccdf_powerlaw": {
        "B": 2.1258797867871273,
        "r2": 0.989167586821476
      },
      "ccdf_tempered": {
        "B": 1.8795455899192128,
        "lam": 42.996903124893336,
        "r2": 0.9919382292759935
      }
    }
  },
  "norm": {
    "grad": {
      "ok": false,
      "reason": "B_eff too noisy (MAD=0.25)",
      "fit": {
        "xmin": 0.0004901534412056208,
        "a_pdf": 3.4028255295092094,
        "B_ccdf": 2.4028255295092094,
        "ks": 0.01725953155093718,
        "n_tail": 4491,
        "se_B": 0.03585508117369439
      },
      "ccdf_powerlaw": {
        "B": 2.0533952563179505,
        "r2": 0.9867554437252997
      },
      "ccdf_tempered": {
        "B": 1.9741750236051647,
        "lam": 17.186236882094285,
        "r2": 0.9870724145222372
      }
    },
    "noise": {
      "ok": false,
      "reason": "B_eff too noisy (MAD=0.28)",
      "fit": {
        "xmin": 0.0004276155959814787,
        "a_pdf": 3.2911505881375573,
        "B_ccdf": 2.2911505881375573,
        "ks": 0.019071456969806277,
        "n_tail": 4491,
        "se_B": 0.034188662185393556
      },
      "ccdf_powerlaw": {
        "B": 1.9790009934288966,
        "r2": 0.9870680414655203
      },
      "ccdf_tempered": {
        "B": 1.9649724786345575,
        "lam": 3.2962054337629514,
        "r2": 0.9870795238383883
      }
    },
    "delta": {
      "ok": true,
      "reason": "clear-ish tail region",
      "fit": {
        "xmin": 0.0006832795585173051,
        "a_pdf": 3.3703192311553645,
        "B_ccdf": 2.3703192311553645,
        "ks": 0.020938902283099914,
        "n_tail": 3715,
        "se_B": 0.03888905867913036
      },
      "ccdf_powerlaw": {
        "B": 2.2289035203744305,
        "r2": 0.9903820420210733
      },
      "ccdf_tempered": {
        "B": 1.9127056624247807,
        "lam": 64.41955135211516,
        "r2": 0.9938671502415624
      }
    }
  }
}