{
  "all": {
    "grad": {
      "ok": false,
      "reason": "tail too small (n_tail=1372)",
      "fit": {
        "xmin": 0.00025060049526640684,
        "a_pdf": 3.202183329793462,
        "B_ccdf": 2.202183329793462,
        "ks": 0.016166061423610323,
        "n_tail": 1372,
        "se_B": 0.059453361551077936
      },
      "ccdf_powerlaw": {
        "B": 2.211604263486015,
        "r2": 0.9973897772071368
      },
      "ccdf_tempered": {
        "B": 2.16171676778322,
        "lam": 27.923494098381838,
        "r2": 0.9974777360494892
      }
    },
    "noise": {
      "ok": false,
      "reason": "tail too small (n_tail=1373)",
      "fit": {
        "xmin": 0.00024229781774623587,
        "a_pdf": 3.2029894537680574,
        "B_ccdf": 2.2029894537680574,
        "ks": 0.013371762618129446,
        "n_tail": 1373,
        "se_B": 0.0594534620857279
      },
      "ccdf_powerlaw": {
        "B": 2.270492306611806,
        "r2": 0.9953603223700255
      },
      "ccdf_tempered": {
        "B": 2.2428931018515215,
        "lam": 16.03983673574954,
        "r2": 0.9953863603075362
      }
    },
    "delta": {
      "ok": false,
      "reason": "CCDF not linear enough (R²=0.977)",
      "fit": {
        "xmin": 0.00023749146168595392,
        "a_pdf": 2.987633332259055,
        "B_ccdf": 1.9876333322590551,
        "ks": 0.02715488244809533,
        "n_tail": 2906,
        "se_B": 0.036871301363647
      },
      "ccdf_powerlaw": {
        "B": 2.1614140750285515,
        "r2": 0.977474460902322
      },
      "ccdf_tempered": null
    }
  },
  "decay": {
    "grad": {
      "ok": false,
      "reason": "tail too small (n_tail=1372)",
      "fit": {
        "xmin": 0.00024929609826804006,
        "a_pdf": 3.1603356841642642,
        "B_ccdf": 2.1603356841642642,
        "ks": 0.017577551196685,
        "n_tail": 1372,
        "se_B": 0.05832358131344103
      },
      "ccdf_powerlaw": {
        "B": 2.7080691208225134,
        "r2": 0.9689669926714247
      },
      "ccdf_tempered": {
        "B": 1.668551782038999,
        "lam": 839.4613969769064,
        "r2": 0.986545110966154
      }
    },
    "noise": {
      "ok": false,
      "reason": "tail too small (n_tail=1373)",
      "fit": {
        "xmin": 0.00024164611340633465,
        "a_pdf": 3.219264417374861,
        "B_ccdf": 2.219264417374861,
        "ks": 0.01633011287611419,
        "n_tail": 1373,
        "se_B": 0.05989268476565888
      },
      "ccdf_powerlaw": {
        "B": 2.561482764000154,
        "r2": 0.9852304022822024
      },
      "ccdf_tempered": {
        "B": 1.8045074517347182,
        "lam": 633.9968488241395,
        "r2": 0.9957702264136272
      }
    },
    "delta": {
      "ok": false,
      "reason": "tail too small (n_tail=1372)",
      "fit": {
        "xmin": 0.000354304251543779,
        "a_pdf": 3.162922396467636,
        "B_ccdf": 2.162922396467636,
        "ks": 0.02246645397069502,
        "n_tail": 1372,
        "se_B": 0.058393415981481775
      },
      "ccdf_powerlaw": {
        "B": 2.4391143436281544,
        "r2": 0.9803321946584633
      },
      "ccdf_tempered": {
        "B": 1.8957958617662678,
        "lam": 267.4884324733449,
        "r2": 0.9874858632640393
      }
    }
  },
  "embed": {
    "grad": {
      "ok": false,
      "reason": "CCDF not linear enough (R²=0.985)",
      "fit": {
        "xmin": 0.00026968061844390655,
        "a_pdf": 3.0371683645092222,
        "B_ccdf": 2.0371683645092222,
        "ks": 0.0198389429481986,
        "n_tail": 2164,
        "se_B": 0.043792354440773666
      },
      "ccdf_powerlaw": {
        "B": 1.9853526341716616,
        "r2": 0.984726998698778
      },
      "ccdf_tempered": null
    },
    "noise": {
      "ok": false,
      "reason": "tail too small (n_tail=1776)",
      "fit": {
        "xmin": 0.0002952849315283387,
        "a_pdf": 3.1069406564755115,
        "B_ccdf": 2.1069406564755115,
        "ks": 0.015613439920786232,
        "n_tail": 1776,
        "se_B": 0.04999548926674378
      },
      "ccdf_powerlaw": {
        "B": 1.9829123281416325,
        "r2": 0.9843020189568081
      },
      "ccdf_tempered": null
    },
    "delta": {
      "ok": false,
      "reason": "tail too small (n_tail=1000)",
      "fit": {
        "xmin": 0.0005763699830276901,
        "a_pdf": 3.287645284290262,
        "B_ccdf": 2.287645284290262,
        "ks": 0.01627453279495239,
        "n_tail": 1000,
        "se_B": 0.07234169576900637
      },
      "ccdf_powerlaw": {
        "B": 2.4313374724867978,
        "r2": 0.9882199903000756
      },
      "ccdf_tempered": null
    }
  },
  "no_decay": {
    "grad": {
      "ok": false,
      "reason": "CCDF not linear enough (R²=0.971)",
      "fit": {
        "xmin": 0.0005455716241006173,
        "a_pdf": 3.2090045456794414,
        "B_ccdf": 2.2090045456794414,
        "ks": 0.01146214372329124,
        "n_tail": 7205,
        "se_B": 0.02602433357334042
      },
      "ccdf_powerlaw": {
        "B": 2.50281934720142,
        "r2": 0.9705143400418498
      },
      "ccdf_tempered": {
        "B": 1.4969207547763654,
        "lam": 285.3676891763036,
        "r2": 0.995636761425475
      }
    },
    "noise": {
      "ok": false,
      "reason": "CCDF not linear enough (R²=0.952)",
      "fit": {
        "xmin": 0.0005419210001484168,
        "a_pdf": 3.2364353167889357,
        "B_ccdf": 2.2364353167889357,
        "ks": 0.01037646567381445,
        "n_tail": 6041,
        "se_B": 0.028774111618789535
      },
      "ccdf_powerlaw": {
        "B": 2.6573525647725824,
        "r2": 0.9522973924693059
      },
      "ccdf_tempered": {
        "B": 1.225840289726405,
        "lam": 494.2941939173441,
        "r2": 0.9897211508469543
      }
    },
    "delta": {
      "ok": false,
      "reason": "CCDF not linear enough (R²=0.966)",
      "fit": {
        "xmin": 0.0006898566681478285,
        "a_pdf": 3.2508353845661215,
        "B_ccdf": 2.2508353845661215,
        "ks": 0.008448764405453724,
        "n_tail": 7980,
        "se_B": 0.02519662011490633
      },
      "ccdf_powerlaw": {
        "B": 2.76969032263673,
        "r2": 0.9658907703028249
      },
      "ccdf_tempered": {
        "B": 1.5034992324863343,
        "lam": 310.2015480952055,
        "r2": 0.9965530077868527
      }
    }
  },
  "norm": {
    "grad": {
      "ok": false,
      "reason": "CCDF not linear enough (R²=0.980)",
      "fit": {
        "xmin": 0.0005789482001481313,
        "a_pdf": 3.2342949878341947,
        "B_ccdf": 2.2342949878341947,
        "ks": 0.01081736807430822,
        "n_tail": 6429,
        "se_B": 0.027865625646164873
      },
      "ccdf_powerlaw": {
        "B": 2.4615484833168484,
        "r2": 0.9799640156669455
      },
      "ccdf_tempered": {
        "B": 1.5558775086346945,
        "lam": 314.75804682239095,
        "r2": 0.9963221424845712
      }
    },
    "noise": {
      "ok": false,
      "reason": "CCDF not linear enough (R²=0.961)",
      "fit": {
        "xmin": 0.0005641173699880192,
        "a_pdf": 3.2564924821531887,
        "B_ccdf": 2.2564924821531887,
        "ks": 0.011175916310456446,
        "n_tail": 5654,
        "se_B": 0.030009308548814864
      },
      "ccdf_powerlaw": {
        "B": 2.650495033513738,
        "r2": 0.9609633616101556
      },
      "ccdf_tempered": {
        "B": 1.255825645798675,
        "lam": 533.7976910614308,
        "r2": 0.9920775637417408
      }
    },
    "delta": {
      "ok": false,
      "reason": "CCDF not linear enough (R²=0.961)",
      "fit": {
        "xmin": 0.0008271733735930384,
        "a_pdf": 3.282089706993269,
        "B_ccdf": 2.282089706993269,
        "ks": 0.01236272333603683,
        "n_tail": 5266,
        "se_B": 0.03144794597839259
      },
      "ccdf_powerlaw": {
        "B": 2.6818957959344143,
        "r2": 0.9610509441880618
      },
      "ccdf_tempered": {
        "B": 1.2630596189034753,
        "lam": 387.3332833511272,