{
  "all": {
    "grad": {
      "ok": false,
      "reason": "B_eff median 2.11 far from fit B 1.51",
      "fit": {
        "xmin": 5.159223518213756e-05,
        "a_pdf": 2.5093160074572713,
        "B_ccdf": 1.5093160074572713,
        "ks": 0.014962965412252754,
        "n_tail": 16900,
        "se_B": 0.011610123134286703
      },
      "ccdf_powerlaw": {
        "B": 2.049604004071258,
        "r2": 0.9915289802219713
      },
      "ccdf_tempered": {
        "B": 1.914704079297772,
        "lam": 99.5242482369335,
        "r2": 0.993196884311441
      }
    },
    "noise": {
      "ok": false,
      "reason": "B_eff median 2.11 far from fit B 1.53",
      "fit": {
        "xmin": 5.081477018913056e-05,
        "a_pdf": 2.525053211338518,
        "B_ccdf": 1.525053211338518,
        "ks": 0.014549416152067507,
        "n_tail": 16910,
        "se_B": 0.011727709325393857
      },
      "ccdf_powerlaw": {
        "B": 2.0668276091102027,
        "r2": 0.9910465535908354
      },
      "ccdf_tempered": {
        "B": 1.9465717080374583,
        "lam": 91.57586107233118,
        "r2": 0.9923501207559257
      }
    },
    "delta": {
      "ok": false,
      "reason": "CCDF not linear enough (R²=0.985)",
      "fit": {
        "xmin": 7.719098074463843e-05,
        "a_pdf": 2.5417382205098003,
        "B_ccdf": 1.5417382205098003,
        "ks": 0.021410066832383223,
        "n_tail": 16522,
        "se_B": 0.011994422150621374
      },
      "ccdf_powerlaw": {
        "B": 2.2347106497306344,
        "r2": 0.9845335259572823
      },
      "ccdf_tempered": {
        "B": 1.8976099637045476,
        "lam": 275.172400868804,
        "r2": 0.9912801997643098
      }
    }
  },
  "decay": {
    "grad": {
      "ok": false,
      "reason": "CCDF not linear enough (R²=0.975)",
      "fit": {
        "xmin": 5.259052834269229e-05,
        "a_pdf": 2.543247903663763,
        "B_ccdf": 1.543247903663763,
        "ks": 0.014690643317358032,
        "n_tail": 16522,
        "se_B": 0.012006167190616765
      },
      "ccdf_powerlaw": {
        "B": 2.2852135166015697,
        "r2": 0.9752242805236662
      },
      "ccdf_tempered": {
        "B": 1.8867390213484072,
        "lam": 414.2783679865313,
        "r2": 0.9848097711100031
      }
    },
    "noise": {
      "ok": false,
      "reason": "CCDF not linear enough (R²=0.977)",
      "fit": {
        "xmin": 5.811847481245238e-05,
        "a_pdf": 2.5757025720869677,
        "B_ccdf": 1.5757025720869677,
        "ks": 0.016625928720709005,
        "n_tail": 13876,
        "se_B": 0.013376487817237239
      },
      "ccdf_powerlaw": {
        "B": 2.332464271210455,
        "r2": 0.9767194556278169
      },
      "ccdf_tempered": {
        "B": 1.9708136469721,
        "lam": 374.6770036818221,
        "r2": 0.9839103524760475
      }
    },
    "delta": {
      "ok": false,
      "reason": "B_eff too noisy (MAD=0.43)",
      "fit": {
        "xmin": 6.912795912916296e-05,
        "a_pdf": 2.5364371050602363,
        "B_ccdf": 1.5364371050602363,
        "ks": 0.022718215513333806,
        "n_tail": 19178,
        "se_B": 0.011094637827274951
      },
      "ccdf_powerlaw": {
        "B": 2.214523042899624,
        "r2": 0.9870716353735083
      },
      "ccdf_tempered": {
        "B": 1.8141020671150814,
        "lam": 353.96264858347297,
        "r2": 0.9968734808431907
      }
    }
  },
  "embed": {
    "grad": {
      "ok": false,
      "reason": "tail too small (n_tail=1000)",
      "fit": {
        "xmin": 0.00039132333797169903,
        "a_pdf": 3.4206657244430207,
        "B_ccdf": 2.4206657244430207,
        "ks": 0.02525525045394897,
        "n_tail": 1000,
        "se_B": 0.07654817143141471
      },
      "ccdf_powerlaw": {
        "B": 2.4550013144196012,
        "r2": 0.9863009765162972
      },
      "ccdf_tempered": {
        "B": 1.9686688702568176,
        "lam": 264.5826410153903,
        "r2": 0.9907312582843196
      }
    },
    "noise": {
      "ok": false,
      "reason": "tail too small (n_tail=1000)",
      "fit": {
        "xmin": 0.0003848951494728691,
        "a_pdf": 3.4817212760718763,
        "B_ccdf": 2.4817212760718763,
        "ks": 0.020891213417053245,
        "n_tail": 1000,
        "se_B": 0.07847891750086658
      },
      "ccdf_powerlaw": {
        "B": 2.3259153272176256,
        "r2": 0.9930897813956462
      },
      "ccdf_tempered": null
    },
    "delta": {
      "ok": false,
      "reason": "tail too small (n_tail=1388)",
      "fit": {
        "xmin": 0.0004787917066441543,
        "a_pdf": 3.234309279760458,
        "B_ccdf": 2.234309279760458,
        "ks": 0.010452803685960577,
        "n_tail": 1388,
        "se_B": 0.05997200330024137
      },
      "ccdf_powerlaw": {
        "B": 2.4621979813347714,
        "r2": 0.9938956185201296
      },
      "ccdf_tempered": {
        "B": 2.184353234191424,
        "lam": 116.16158086305818,
        "r2": 0.9955128453081908
      }
    }
  },
  "no_decay": {
    "grad": {
      "ok": false,
      "reason": "CCDF not linear enough (R²=0.961)",
      "fit": {
        "xmin": 0.0005428287132918758,
        "a_pdf": 3.1338010576526214,
        "B_ccdf": 2.1338010576526214,
        "ks": 0.01207192214822006,
        "n_tail": 6817,
        "se_B": 0.025843854008849452
      },
      "ccdf_powerlaw": {
        "B": 2.6584606389442405,
        "r2": 0.9614829158611432
      },
      "ccdf_tempered": {
        "B": 1.3623414306155255,
        "lam": 394.8137384608491,
        "r2": 0.9960594924631248
      }
    },
    "noise": {
      "ok": false,
      "reason": "CCDF not linear enough (R²=0.958)",
      "fit": {
        "xmin": 0.0004313393286280856,
        "a_pdf": 3.1204195238403543,
        "B_ccdf": 2.1204195238403543,
        "ks": 0.013174813362324067,
        "n_tail": 9531,
        "se_B": 0.021719636848069518
      },
      "ccdf_powerlaw": {
        "B": 2.5840464987278877,
        "r2": 0.9583082242568763
      },
      "ccdf_tempered": {
        "B": 1.2939618769237111,
        "lam": 482.67410584264985,
        "r2": 0.9951025046646228
      }
    },
    "delta": {
      "ok": false,
      "reason": "CCDF not linear enough (R²=0.973)",
      "fit": {
        "xmin": 0.0006683455100663159,
        "a_pdf": 3.1816772688908213,
        "B_ccdf": 2.1816772688908213,
        "ks": 0.009275571338077326,
        "n_tail": 8368,
        "se_B": 0.023849521546791336
      },
      "ccdf_powerlaw": {
        "B": 2.810331237243871,
        "r2": 0.9729797653365525
      },
      "ccdf_tempered": {
        "B": 1.7895934700749083,
        "lam": 223.3531166806415,
        "r2": 0.9947617440445131
      }
    }
  },
  "norm": {
    "grad": {
      "ok": false,
      "reason": "CCDF not linear enough (R²=0.974)",
      "fit": {
        "xmin": 0.0005221920105039466,
        "a_pdf": 3.1503137486921067,
        "B_ccdf": 2.1503137486921067,
        "ks": 0.009792870568534173,
        "n_tail": 7205,
        "se_B": 0.025332895938469546
      },
      "ccdf_powerlaw": {
        "B": 2.4153862865878977,
        "r2": 0.9744392814243624
      },
      "ccdf_tempered": {
        "B": 1.4360640288134598,
        "lam": 374.9761699420222,
        "r2": 0.9946101023141938
      }
    },
    "noise": {
      "ok": false,
      "reason": "CCDF not linear enough (R²=0.950)",
      "fit": {
        "xmin": 0.0004478120827116072,
        "a_pdf": 3.139126240435002,
        "B_ccdf": 2.139126240435002,
        "ks": 0.011309463955760601,
        "n_tail": 8757,
        "se_B": 0.02285907962119133
      },
      "ccdf_powerlaw": {
        "B": 2.589471462390895,
        "r2": 0.9504001167876535
      },
      "ccdf_tempered": {
        "B": 1.2229796626607221,
        "lam": 509.62034311531914,
        "r2": 0.9903370251146889
      }
    },
    "delta": {
      "ok": false,
      "reason": "CCDF not linear enough (R²=0.982)",
      "fit": {
        "xmin": 0.0007593648429195007,
        "a_pdf": 3.243489831267877,