{
  "all": {
    "grad": {
      "ok": false,
      "reason": "B_eff too noisy (MAD=0.40)",
      "fit": {
        "xmin": 4.807770452613596e-05,
        "a_pdf": 2.532679353845009,
        "B_ccdf": 1.5326793538450092,
        "ks": 0.01395366453773439,
        "n_tail": 17660,
        "se_B": 0.011533362904745876
      },
      "ccdf_powerlaw": {
        "B": 2.103015796382765,
        "r2": 0.9856255810602017
      },
      "ccdf_tempered": {
        "B": 1.6871917407244437,
        "lam": 594.7407863004395,
        "r2": 0.9970126113865143
      }
    },
    "noise": {
      "ok": false,
      "reason": "B_eff too noisy (MAD=0.42)",
      "fit": {
        "xmin": 5.069065955467522e-05,
        "a_pdf": 2.5604864619456547,
        "B_ccdf": 1.5604864619456547,
        "ks": 0.015367495360771033,
        "n_tail": 15776,
        "se_B": 0.012424003254420496
      },
      "ccdf_powerlaw": {
        "B": 2.198912883773818,
        "r2": 0.9869163022714788
      },
      "ccdf_tempered": {
        "B": 1.7712838007274865,
        "lam": 608.400057096002,
        "r2": 0.9972317353331436
      }
    },
    "delta": {
      "ok": false,
      "reason": "B_eff too noisy (MAD=0.30)",
      "fit": {
        "xmin": 8.625659156158305e-05,
        "a_pdf": 2.5991733224011666,
        "B_ccdf": 1.5991733224011666,
        "ks": 0.022809788757449878,
        "n_tail": 13112,
        "se_B": 0.013965647175409893
      },
      "ccdf_powerlaw": {
        "B": 2.227102305147793,
        "r2": 0.9904008351959115
      },
      "ccdf_tempered": {
        "B": 1.899840391834046,
        "lam": 244.00546800683816,
        "r2": 0.9967728607612862
      }
    }
  },
  "decay": {
    "grad": {
      "ok": false,
      "reason": "B_eff too noisy (MAD=0.32)",
      "fit": {
        "xmin": 5.0661620132777155e-05,
        "a_pdf": 2.556386038479628,
        "B_ccdf": 1.5563860384796282,
        "ks": 0.01642398216862484,
        "n_tail": 16523,
        "se_B": 0.012108012897348489
      },
      "ccdf_powerlaw": {
        "B": 2.114810766619921,
        "r2": 0.9927476494602652
      },
      "ccdf_tempered": {
        "B": 2.0456089474391015,
        "lam": 58.713968754615536,
        "r2": 0.9931394704418511
      }
    },
    "noise": {
      "ok": false,
      "reason": "B_eff too noisy (MAD=0.33)",
      "fit": {
        "xmin": 5.003293138338914e-05,
        "a_pdf": 2.574874155843241,
        "B_ccdf": 1.5748741558432409,
        "ks": 0.01564885832232371,
        "n_tail": 16157,
        "se_B": 0.012389834170080006
      },
      "ccdf_powerlaw": {
        "B": 2.130071043905169,
        "r2": 0.9925341125892082
      },
      "ccdf_tempered": {
        "B": 2.0959226122517296,
        "lam": 29.662346618030945,
        "r2": 0.9926271354663067
      }
    },
    "delta": {
      "ok": false,
      "reason": "tail too small (n_tail=1737)",
      "fit": {
        "xmin": 0.00029968431248859347,
        "a_pdf": 3.117104981938888,
        "B_ccdf": 2.117104981938888,
        "ks": 0.018563502399003173,
        "n_tail": 1737,
        "se_B": 0.0507975170662714
      },
      "ccdf_powerlaw": {
        "B": 2.404330995204717,
        "r2": 0.9937006779830652
      },
      "ccdf_tempered": {
        "B": 1.9870286699167574,
        "lam": 259.74851382567715,
        "r2": 0.9977281410413581
      }
    }
  },
  "embed": {
    "grad": {
      "ok": false,
      "reason": "tail too small (n_tail=1388)",
      "fit": {
        "xmin": 0.0003384474315442989,
        "a_pdf": 3.297106095813227,
        "B_ccdf": 2.297106095813227,
        "ks": 0.015807457890909093,
        "n_tail": 1388,
        "se_B": 0.06165755815769829
      },
      "ccdf_powerlaw": {
        "B": 2.611789620364345,
        "r2": 0.9862746691444174
      },
      "ccdf_tempered": {
        "B": 2.0002378126418376,
        "lam": 466.197306793181,
        "r2": 0.9914500041793737
      }
    },
    "noise": {
      "ok": false,
      "reason": "tail too small (n_tail=1388)",
      "fit": {
        "xmin": 0.0003284805019300596,
        "a_pdf": 3.283044625451444,
        "B_ccdf": 2.283044625451444,
        "ks": 0.018055388494596036,
        "n_tail": 1388,
        "se_B": 0.061280128517772384
      },
      "ccdf_powerlaw": {
        "B": 2.719633279981939,
        "r2": 0.9832426525401211
      },
      "ccdf_tempered": {
        "B": 1.8478887429048898,
        "lam": 628.3669768463635,
        "r2": 0.9938786591154034
      }
    },
    "delta": {
      "ok": false,
      "reason": "tail too small (n_tail=1388)",
      "fit": {
        "xmin": 0.0004652498768314687,
        "a_pdf": 3.231009045101108,
        "B_ccdf": 2.231009045101108,
        "ks": 0.01629600452758395,
        "n_tail": 1388,
        "se_B": 0.059883420360683726
      },
      "ccdf_powerlaw": {
        "B": 2.432316284157232,
        "r2": 0.9964505135182627
      },
      "ccdf_tempered": {
        "B": 2.258519191875351,
        "lam": 65.96217212676957,
        "r2": 0.9971728680998905
      }
    }
  },
  "no_decay": {
    "grad": {
      "ok": false,
      "reason": "CCDF not linear enough (R²=0.980)",
      "fit": {
        "xmin": 0.00045162878487477724,
        "a_pdf": 3.2033223790742755,
        "B_ccdf": 2.2033223790742755,
        "ks": 0.011897470937404342,
        "n_tail": 8368,
        "se_B": 0.024086140192942158
      },
      "ccdf_powerlaw": {
        "B": 2.5569025578709383,
        "r2": 0.9797674693628162
      },
      "ccdf_tempered": {
        "B": 1.7013823946239484,
        "lam": 292.4764056464801,
        "r2": 0.9974539815454716
      }
    },
    "noise": {
      "ok": true,
      "reason": "clear-ish tail region",
      "fit": {
        "xmin": 0.0004289597892843909,
        "a_pdf": 3.310745683427909,
        "B_ccdf": 2.310745683427909,
        "ks": 0.009829809641778264,
        "n_tail": 7980,
        "se_B": 0.02586727646398534
      },
      "ccdf_powerlaw": {
        "B": 2.4570603783762284,
        "r2": 0.9901893700500897
      },
      "ccdf_tempered": {
        "B": 1.8991092446141755,
        "lam": 209.75295564862458,
        "r2": 0.9981892829286502
      }
    },
    "delta": {
      "ok": false,
      "reason": "CCDF not linear enough (R²=0.955)",
      "fit": {
        "xmin": 0.0006148501548367286,
        "a_pdf": 3.3422528524773423,
        "B_ccdf": 2.3422528524773423,
        "ks": 0.009974243407858907,
        "n_tail": 7980,
        "se_B": 0.026219978476259655
      },
      "ccdf_powerlaw": {
        "B": 2.764720953623296,
        "r2": 0.9548484852332216
      },
      "ccdf_tempered": {
        "B": 1.2397340620044348,
        "lam": 480.0325087090884,
        "r2": 0.9920878745526459
      }
    }
  },
  "norm": {
    "grad": {
      "ok": false,
      "reason": "CCDF not linear enough (R²=0.982)",
      "fit": {
        "xmin": 0.0004390597459860146,
        "a_pdf": 3.211956303889524,
        "B_ccdf": 2.211956303889524,
        "ks": 0.01093775348411763,
        "n_tail": 8757,
        "se_B": 0.02363735450177284
      },
      "ccdf_powerlaw": {
        "B": 2.481389232052873,
        "r2": 0.9821348659713015
      },
      "ccdf_tempered": {
        "B": 1.8145902470633333,
        "lam": 230.22984631987885,
        "r2": 0.9937428212409746
      }
    },
    "noise": {
      "ok": false,
      "reason": "CCDF not linear enough (R²=0.985)",
      "fit": {
        "xmin": 0.0003964247421494549,
        "a_pdf": 3.258985625448294,
        "B_ccdf": 2.258985625448294,
        "ks": 0.013643851690136932,
        "n_tail": 9143,
        "se_B": 0.023624852598155856
      },
      "ccdf_powerlaw": {
        "B": 2.5482867226885255,
        "r2": 0.9849948364591457
      },
      "ccdf_tempered": {
        "B": 1.850796842220544,
        "lam": 270.04542506984876,
        "r2": 0.9971376344308566
      }
    },
    "delta": {
      "ok": false,
      "reason": "CCDF not linear enough (R²=0.948)",
      "fit": {
        "xmin": 0.0006422418417059817,