{
  "all": {
    "grad": {
      "ok": false,
      "reason": "tail too small (n_tail=1385)",
      "fit": {
        "xmin": 0.00020713626487864865,
        "a_pdf": 3.118928848329025,
        "B_ccdf": 2.118928848329025,
        "ks": 0.02883142133912453,
        "n_tail": 1385,
        "se_B": 0.056936594440521765
      },
      "ccdf_powerlaw": {
        "B": 2.1233376992727084,
        "r2": 0.985951393086947
      },
      "ccdf_tempered": {
        "B": 2.009938079277038,
        "lam": 109.97119950313864,
        "r2": 0.9863117512093438
      }
    },
    "noise": {
      "ok": false,
      "reason": "CCDF not linear enough (R²=0.984)",
      "fit": {
        "xmin": 2.6576362142805084e-05,
        "a_pdf": 2.3058329167113314,
        "B_ccdf": 1.3058329167113314,
        "ks": 0.024157900440467173,
        "n_tail": 19962,
        "se_B": 0.009242417576337177
      },
      "ccdf_powerlaw": {
        "B": 1.9213020382897654,
        "r2": 0.9840810871265673
      },
      "ccdf_tempered": {
        "B": 1.5713097804940341,
        "lam": 632.7955681790185,
        "r2": 0.9953116968142769
      }
    },
    "delta": {
      "ok": false,
      "reason": "tail too small (n_tail=1772)",
      "fit": {
        "xmin": 0.0002395753552308577,
        "a_pdf": 3.12426090660757,
        "B_ccdf": 2.12426090660757,
        "ks": 0.02584683989294495,
        "n_tail": 1772,
        "se_B": 0.050463340734569255
      },
      "ccdf_powerlaw": {
        "B": 2.0856343078508703,
        "r2": 0.9935983467072779
      },
      "ccdf_tempered": null
    }
  },
  "decay": {
    "grad": {
      "ok": false,
      "reason": "tail too small (n_tail=1772)",
      "fit": {
        "xmin": 0.00017291783102745169,
        "a_pdf": 3.086461629986343,
        "B_ccdf": 2.086461629986343,
        "ks": 0.01870518263521903,
        "n_tail": 1772,
        "se_B": 0.04956539181985546
      },
      "ccdf_powerlaw": {
        "B": 1.8219162474085153,
        "r2": 0.9759281844102062
      },
      "ccdf_tempered": null
    },
    "noise": {
      "ok": false,
      "reason": "B_eff too noisy (MAD=0.27)",
      "fit": {
        "xmin": 2.6567676832200967e-05,
        "a_pdf": 2.303037508620484,
        "B_ccdf": 1.3030375086204842,
        "ks": 0.028999984231527165,
        "n_tail": 19961,
        "se_B": 0.009222863264564198
      },
      "ccdf_powerlaw": {
        "B": 1.790411782051691,
        "r2": 0.9911560882140096
      },
      "ccdf_tempered": null
    },
    "delta": {
      "ok": false,
      "reason": "tail too small (n_tail=1385)",
      "fit": {
        "xmin": 0.0002676729794724711,
        "a_pdf": 3.156053501136516,
        "B_ccdf": 2.156053501136516,
        "ks": 0.018737171272938835,
        "n_tail": 1385,
        "se_B": 0.05793415096645805
      },
      "ccdf_powerlaw": {
        "B": 2.1811213189964143,
        "r2": 0.9888511054315798
      },
      "ccdf_tempered": {
        "B": 1.822393187044599,
        "lam": 212.88755032953586,
        "r2": 0.9931696212908777
      }
    }
  },
  "embed": {
    "grad": {
      "ok": false,
      "reason": "CCDF not linear enough (R²=0.971)",
      "fit": {
        "xmin": 0.0002341432681239486,
        "a_pdf": 2.9495077427758742,
        "B_ccdf": 1.9495077427758742,
        "ks": 0.012780152936078704,
        "n_tail": 2164,
        "se_B": 0.04190794219271179
      },
      "ccdf_powerlaw": {
        "B": 1.8647318294120545,
        "r2": 0.9707080906024024
      },
      "ccdf_tempered": null
    },
    "noise": {
      "ok": false,
      "reason": "tail too small (n_tail=1000)",
      "fit": {
        "xmin": 0.00034528216856415393,
        "a_pdf": 3.0971256936552987,
        "B_ccdf": 2.0971256936552987,
        "ks": 0.017004074573516825,
        "n_tail": 1000,
        "se_B": 0.06631693731611267
      },
      "ccdf_powerlaw": {
        "B": 2.1838699926123923,
        "r2": 0.9929569363270473
      },
      "ccdf_tempered": {
        "B": 2.019063100887763,
        "lam": 69.10406342005761,
        "r2": 0.9939134544617987
      }
    },
    "delta": {
      "ok": false,
      "reason": "tail too small (n_tail=1000)",
      "fit": {
        "xmin": 0.0005043584207305685,
        "a_pdf": 2.9753320999966064,
        "B_ccdf": 1.9753320999966064,
        "ks": 0.013357689857482924,
        "n_tail": 1000,
        "se_B": 0.0624654857123276
      },
      "ccdf_powerlaw": {
        "B": 2.1650809394872703,
        "r2": 0.9768921908630721
      },
      "ccdf_tempered": {
        "B": 1.3900586629666043,
        "lam": 333.6131707680302,
        "r2": 0.9913082178665445
      }
    }
  },
  "no_decay": {
    "grad": {
      "ok": false,
      "reason": "CCDF not linear enough (R²=0.975)",
      "fit": {
        "xmin": 0.0005820279813737483,
        "a_pdf": 3.385469253063328,
        "B_ccdf": 2.385469253063328,
        "ks": 0.013615150599267878,
        "n_tail": 3715,
        "se_B": 0.03913762017381213
      },
      "ccdf_powerlaw": {
        "B": 2.5717790276472754,
        "r2": 0.9754366215989896
      },
      "ccdf_tempered": {
        "B": 1.798518556992288,
        "lam": 209.00037377581666,
        "r2": 0.9897348341644057
      }
    },
    "noise": {
      "ok": false,
      "reason": "CCDF not linear enough (R²=0.984)",
      "fit": {
        "xmin": 0.0005129398115701517,
        "a_pdf": 3.6185851361569377,
        "B_ccdf": 2.6185851361569377,
        "ks": 0.011388251005367112,
        "n_tail": 3327,
        "se_B": 0.04539837395844645
      },
      "ccdf_powerlaw": {
        "B": 2.6095432593517875,
        "r2": 0.98395754358906
      },
      "ccdf_tempered": {
        "B": 2.014407524018215,
        "lam": 218.8079962621857,
        "r2": 0.9908916069137694
      }
    },
    "delta": {
      "ok": false,
      "reason": "B_eff too noisy (MAD=0.28)",
      "fit": {
        "xmin": 0.0008290977758053711,
        "a_pdf": 3.621642499282703,
        "B_ccdf": 2.621642499282703,
        "ks": 0.01584482155623479,
        "n_tail": 2552,
        "se_B": 0.05189591023610661
      },
      "ccdf_powerlaw": {
        "B": 2.646268768961836,
        "r2": 0.9868462123235477
      },
      "ccdf_tempered": {
        "B": 2.0259426936488056,
        "lam": 159.77236798150082,
        "r2": 0.9932449555190872
      }
    }
  },
  "norm": {
    "grad": {
      "ok": true,
      "reason": "clear-ish tail region",
      "fit": {
        "xmin": 0.0006117276853123889,
        "a_pdf": 3.271826082520579,
        "B_ccdf": 2.271826082520579,
        "ks": 0.014442209191318,
        "n_tail": 3327,
        "se_B": 0.03938661708520461
      },
      "ccdf_powerlaw": {
        "B": 2.4041290562095803,
        "r2": 0.9886410183695855
      },
      "ccdf_tempered": {
        "B": 2.0945786047015065,
        "lam": 78.03697171027339,
        "r2": 0.9913275667453452
      }
    },
    "noise": {
      "ok": true,
      "reason": "clear-ish tail region",
      "fit": {
        "xmin": 0.0005223808262962848,
        "a_pdf": 3.5663188949798053,
        "B_ccdf": 2.5663188949798053,
        "ks": 0.016175662500205468,
        "n_tail": 3327,
        "se_B": 0.04449223486462873
      },
      "ccdf_powerlaw": {
        "B": 2.520556020728554,
        "r2": 0.9896272518796456
      },
      "ccdf_tempered": null
    },
    "delta": {
      "ok": false,
      "reason": "B_eff too noisy (MAD=0.25)",
      "fit": {
        "xmin": 0.0007830602110230504,
        "a_pdf": 3.658016037108445,
        "B_ccdf": 2.658016037108445,
        "ks": 0.01494156839734806,
        "n_tail": 2939,
        "se_B": 0.049029538331134284
      },
      "ccdf_powerlaw": {
        "B": 2.3048996043354864,
        "r2": 0.9911408080570587
      },
      "ccdf_tempered": null
    }
  }
}