{
  "all": {
    "grad": {
      "ok": false,
      "reason": "CCDF not linear enough (R²=0.977)",
      "fit": {
        "xmin": 4.6811229783218416e-05,
        "a_pdf": 2.528669020294222,
        "B_ccdf": 1.5286690202942221,
        "ks": 0.018335561065464634,
        "n_tail": 18418,
        "se_B": 0.011263989320073062
      },
      "ccdf_powerlaw": {
        "B": 2.1836229728696956,
        "r2": 0.976673605348894
      },
      "ccdf_tempered": {
        "B": 1.602414386336258,
        "lam": 812.2135084111997,
        "r2": 0.997147886053585
      }
    },
    "noise": {
      "ok": false,
      "reason": "CCDF not linear enough (R²=0.981)",
      "fit": {
        "xmin": 5.0826516027362765e-05,
        "a_pdf": 2.562465900358684,
        "B_ccdf": 1.562465900358684,
        "ks": 0.016769478335583676,
        "n_tail": 15776,
        "se_B": 0.012439762794720987
      },
      "ccdf_powerlaw": {
        "B": 2.1876752521827716,
        "r2": 0.9814865394662171
      },
      "ccdf_tempered": {
        "B": 1.6434561332274666,
        "lam": 763.7633374001986,
        "r2": 0.9982847271118482
      }
    },
    "delta": {
      "ok": false,
      "reason": "CCDF not linear enough (R²=0.984)",
      "fit": {
        "xmin": 6.470744119724259e-05,
        "a_pdf": 2.530694105070017,
        "B_ccdf": 1.5306941050700171,
        "ks": 0.02398576632350058,
        "n_tail": 19559,
        "se_B": 0.010944982873421912
      },
      "ccdf_powerlaw": {
        "B": 2.264893122638342,
        "r2": 0.9836425847027532
      },
      "ccdf_tempered": {
        "B": 1.8039063443138559,
        "lam": 460.74632681721187,
        "r2": 0.9959980936467956
      }
    }
  },
  "attn_early": {
    "grad": {
      "ok": false,
      "reason": "CCDF not linear enough (R²=0.970)",
      "fit": {
        "xmin": 8.799995186341304e-05,
        "a_pdf": 2.8297495376542185,
        "B_ccdf": 1.8297495376542185,
        "ks": 0.019690574536572303,
        "n_tail": 12633,
        "se_B": 0.016279400138788768
      },
      "ccdf_powerlaw": {
        "B": 2.5224026243339845,
        "r2": 0.9696321895879976
      },
      "ccdf_tempered": {
        "B": 1.6402834909918003,
        "lam": 1197.4903726234722,
        "r2": 0.9936890042896155
      }
    },
    "noise": {
      "ok": false,
      "reason": "B_eff too noisy (MAD=0.33)",
      "fit": {
        "xmin": 0.00010583648010132102,
        "a_pdf": 2.9410587506281836,
        "B_ccdf": 1.9410587506281836,
        "ks": 0.018923230198555685,
        "n_tail": 8368,
        "se_B": 0.021219143251297916
      },
      "ccdf_powerlaw": {
        "B": 2.441648086747512,
        "r2": 0.990917803126702
      },
      "ccdf_tempered": {
        "B": 1.8481091409835373,
        "lam": 963.9066420178011,
        "r2": 0.9993553077581449
      }
    },
    "delta": {
      "ok": false,
      "reason": "B_eff too noisy (MAD=0.32)",
      "fit": {
        "xmin": 0.0001292393507723393,
        "a_pdf": 2.898621237045236,
        "B_ccdf": 1.8986212370452362,
        "ks": 0.01475220311959502,
        "n_tail": 11082,
        "se_B": 0.018035544628256326
      },
      "ccdf_powerlaw": {
        "B": 2.365569979610393,
        "r2": 0.993376096034536
      },
      "ccdf_tempered": {
        "B": 2.1241962841020534,
        "lam": 195.08118599784143,
        "r2": 0.9956710998568142
      }
    }
  },
  "attn_late": {
    "grad": {
      "ok": false,
      "reason": "CCDF not linear enough (R²=0.985)",
      "fit": {
        "xmin": 8.517536612664706e-05,
        "a_pdf": 3.237023612170407,
        "B_ccdf": 2.237023612170407,
        "ks": 0.005486650319955988,
        "n_tail": 15347,
        "se_B": 0.018057549815078264
      },
      "ccdf_powerlaw": {
        "B": 2.478583908447715,
        "r2": 0.9847952763363633
      },
      "ccdf_tempered": {
        "B": 1.8475179824471832,
        "lam": 999.9945700469106,
        "r2": 0.9963864181464955
      }
    },
    "noise": {
      "ok": false,
      "reason": "CCDF not linear enough (R²=0.981)",
      "fit": {
        "xmin": 9.636624522889697e-05,
        "a_pdf": 3.2811027169013856,
        "B_ccdf": 2.2811027169013856,
        "ks": 0.005418304050885003,
        "n_tail": 10694,
        "se_B": 0.022058437792869062
      },
      "ccdf_powerlaw": {
        "B": 2.701935958676206,
        "r2": 0.9811921046724409
      },
      "ccdf_tempered": {
        "B": 1.8407049667342381,
        "lam": 1351.6481116705493,
        "r2": 0.997964235061848
      }
    },
    "delta": {
      "ok": false,
      "reason": "CCDF not linear enough (R²=0.985)",
      "fit": {
        "xmin": 0.00012808186431505656,
        "a_pdf": 3.2962379957846126,
        "B_ccdf": 2.2962379957846126,
        "ks": 0.004694886184178432,
        "n_tail": 12633,
        "se_B": 0.020429778162530297
      },
      "ccdf_powerlaw": {
        "B": 2.767053546151935,
        "r2": 0.984791277036128
      },
      "ccdf_tempered": {
        "B": 1.955429507048082,
        "lam": 946.8886979301725,
        "r2": 0.9988548750240441
      }
    }
  },
  "attn_mid": {
    "grad": {
      "ok": false,
      "reason": "CCDF not linear enough (R²=0.962)",
      "fit": {
        "xmin": 6.823217642834477e-05,
        "a_pdf": 3.097977352071676,
        "B_ccdf": 2.097977352071676,
        "ks": 0.01209245560697575,
        "n_tail": 16123,
        "se_B": 0.016522580201151528
      },
      "ccdf_powerlaw": {
        "B": 2.1965086886923935,
        "r2": 0.9616614743493253
      },
      "ccdf_tempered": {
        "B": 1.4424111764103373,
        "lam": 1184.7104308099053,
        "r2": 0.986171437837965
      }
    },
    "noise": {
      "ok": false,
      "reason": "CCDF not linear enough (R²=0.973)",
      "fit": {
        "xmin": 7.055080565861524e-05,
        "a_pdf": 3.1713905758315724,
        "B_ccdf": 2.1713905758315724,
        "ks": 0.012092970184188978,
        "n_tail": 13796,
        "se_B": 0.018486783523211384
      },
      "ccdf_powerlaw": {
        "B": 2.311925381712208,
        "r2": 0.9733451310173944
      },
      "ccdf_tempered": {
        "B": 1.566617074070197,
        "lam": 1310.9120676133682,
        "r2": 0.9930139051913802
      }
    },
    "delta": {
      "ok": false,
      "reason": "CCDF not linear enough (R²=0.963)",
      "fit": {
        "xmin": 9.380988608891318e-05,
        "a_pdf": 3.1459033987127403,
        "B_ccdf": 2.1459033987127403,
        "ks": 0.012001038329636615,
        "n_tail": 16123,
        "se_B": 0.01690002085777691
      },
      "ccdf_powerlaw": {
        "B": 2.29243233012708,
        "r2": 0.9632359554797986
      },
      "ccdf_tempered": {
        "B": 1.474998852931914,
        "lam": 940.5232202056437,
        "r2": 0.9900794887768674
      }
    }
  },
  "embed": {
    "grad": {
      "ok": false,
      "reason": "tail too small (n_tail=1388)",
      "fit": {
        "xmin": 0.00033563280284490643,
        "a_pdf": 3.1758993396711053,
        "B_ccdf": 2.1758993396711053,
        "ks": 0.025350773884171368,
        "n_tail": 1388,
        "se_B": 0.0584041983631464
      },
      "ccdf_powerlaw": {
        "B": 2.4516456118268466,
        "r2": 0.9882071055148158
      },
      "ccdf_tempered": {
        "B": 1.9969556621908982,
        "lam": 276.425479078967,
        "r2": 0.992407372703211
      }
    },
    "noise": {
      "ok": false,
      "reason": "tail too small (n_tail=1388)",
      "fit": {
        "xmin": 0.00033030000132774673,
        "a_pdf": 3.2247471881752703,
        "B_ccdf": 2.2247471881752703,
        "ks": 0.017883129697024658,
        "n_tail": 1388,
        "se_B": 0.059715343314402
      },
      "ccdf_powerlaw": {
        "B": 2.4584016468376437,
        "r2": 0.988330702531119
      },
      "ccdf_tempered": {
        "B": 1.980231224328539,
        "lam": 276.2469012641412,
        "r2": 0.993309984080733
      }
    },
    "delta": {
      "ok": false,
      "reason": "tail too small (n_tail=1776)",