{
  "all": {
    "grad": {
      "ok": false,
      "reason": "CCDF not linear enough (R²=0.978)",
      "fit": {
        "xmin": 6.205814513995556e-05,
        "a_pdf": 2.553749705689585,
        "B_ccdf": 1.5537497056895848,
        "ks": 0.020889205797292643,
        "n_tail": 13108,
        "se_B": 0.013571031015156802
      },
      "ccdf_powerlaw": {
        "B": 2.220094139411582,
        "r2": 0.9779604002680954
      },
      "ccdf_tempered": {
        "B": 1.5792699488333537,
        "lam": 907.4809269274789,
        "r2": 0.997959242133548
      }
    },
    "noise": {
      "ok": false,
      "reason": "CCDF not linear enough (R²=0.979)",
      "fit": {
        "xmin": 4.603508277796211e-05,
        "a_pdf": 2.5190443132434455,
        "B_ccdf": 1.5190443132434455,
        "ks": 0.016730952628457585,
        "n_tail": 19565,
        "se_B": 0.010860017299824111
      },
      "ccdf_powerlaw": {
        "B": 2.1537951448759403,
        "r2": 0.9785106428369259
      },
      "ccdf_tempered": {
        "B": 1.5671229287752162,
        "lam": 979.0275771006106,
        "r2": 0.9977385713308907
      }
    },
    "delta": {
      "ok": false,
      "reason": "tail too small (n_tail=1736)",
      "fit": {
        "xmin": 0.0003232394380682642,
        "a_pdf": 3.058942281966256,
        "B_ccdf": 2.058942281966256,
        "ks": 0.018209844140962494,
        "n_tail": 1736,
        "se_B": 0.04941619611076759
      },
      "ccdf_powerlaw": {
        "B": 2.4290898490491606,
        "r2": 0.9750166597473231
      },
      "ccdf_tempered": {
        "B": 1.5439558233111665,
        "lam": 492.94796642638374,
        "r2": 0.9937944036856646
      }
    }
  },
  "attn_early": {
    "grad": {
      "ok": false,
      "reason": "CCDF not linear enough (R²=0.981)",
      "fit": {
        "xmin": 0.00017263246186395952,
        "a_pdf": 2.9844554386002775,
        "B_ccdf": 1.9844554386002775,
        "ks": 0.0230319647056223,
        "n_tail": 4490,
        "se_B": 0.029615439405455773
      },
      "ccdf_powerlaw": {
        "B": 2.530443864832715,
        "r2": 0.9810616148358476
      },
      "ccdf_tempered": {
        "B": 1.7663579771043794,
        "lam": 749.0785194100133,
        "r2": 0.994389007949382
      }
    },
    "noise": {
      "ok": false,
      "reason": "CCDF not linear enough (R²=0.978)",
      "fit": {
        "xmin": 0.00022356692107325458,
        "a_pdf": 3.1600779554607827,
        "B_ccdf": 2.1600779554607827,
        "ks": 0.020204089278337722,
        "n_tail": 2552,
        "se_B": 0.04275915259622793
      },
      "ccdf_powerlaw": {
        "B": 2.851613324785979,
        "r2": 0.9777245512641353
      },
      "ccdf_tempered": {
        "B": 1.7311443883788966,
        "lam": 1036.350866160605,
        "r2": 0.9959478050969794
      }
    },
    "delta": {
      "ok": false,
      "reason": "B_eff too noisy (MAD=0.26)",
      "fit": {
        "xmin": 0.00016783349051458608,
        "a_pdf": 2.9436531415031726,
        "B_ccdf": 1.9436531415031726,
        "ks": 0.020624926395671594,
        "n_tail": 8368,
        "se_B": 0.021247504449334008
      },
      "ccdf_powerlaw": {
        "B": 2.45176633388878,
        "r2": 0.9923080386138026
      },
      "ccdf_tempered": {
        "B": 1.93724929771879,
        "lam": 504.47100150706865,
        "r2": 0.9991010581302302
      }
    }
  },
  "attn_late": {
    "grad": {
      "ok": true,
      "reason": "clear-ish tail region",
      "fit": {
        "xmin": 9.144153968640125e-05,
        "a_pdf": 3.1270189644728155,
        "B_ccdf": 2.1270189644728155,
        "ks": 0.0044022903762426235,
        "n_tail": 14184,
        "se_B": 0.017859611225988996
      },
      "ccdf_powerlaw": {
        "B": 2.3772074118922006,
        "r2": 0.9936389517000641
      },
      "ccdf_tempered": {
        "B": 2.044370630490559,
        "lam": 371.04173381214144,
        "r2": 0.9979890627085758
      }
    },
    "noise": {
      "ok": true,
      "reason": "clear-ish tail region",
      "fit": {
        "xmin": 9.826848218223407e-05,
        "a_pdf": 3.1376415414384993,
        "B_ccdf": 2.1376415414384993,
        "ks": 0.007104902477397437,
        "n_tail": 11470,
        "se_B": 0.019959661499042762
      },
      "ccdf_powerlaw": {
        "B": 2.4338883630098205,
        "r2": 0.9937189094331198
      },
      "ccdf_tempered": {
        "B": 2.130026681612058,
        "lam": 338.459420512413,
        "r2": 0.9970572955046023
      }
    },
    "delta": {
      "ok": true,
      "reason": "clear-ish tail region",
      "fit": {
        "xmin": 0.00013431678895543952,
        "a_pdf": 3.1758811879637014,
        "B_ccdf": 2.1758811879637014,
        "ks": 0.0049347221581271805,
        "n_tail": 13021,
        "se_B": 0.019068345308562263
      },
      "ccdf_powerlaw": {
        "B": 2.0858306094166474,
        "r2": 0.9970076591545095
      },
      "ccdf_tempered": null
    }
  },
  "attn_mid": {
    "grad": {
      "ok": false,
      "reason": "CCDF not linear enough (R²=0.967)",
      "fit": {
        "xmin": 7.222556125976106e-05,
        "a_pdf": 3.0716723016339373,
        "B_ccdf": 2.0716723016339373,
        "ks": 0.012384054567119884,
        "n_tail": 15347,
        "se_B": 0.016722812215190414
      },
      "ccdf_powerlaw": {
        "B": 2.3341270870885102,
        "r2": 0.9669490092325027
      },
      "ccdf_tempered": {
        "B": 1.5145926890195103,
        "lam": 1137.8875269804694,
        "r2": 0.9941663574542726
      }
    },
    "noise": {
      "ok": false,
      "reason": "CCDF not linear enough (R²=0.967)",
      "fit": {
        "xmin": 7.296587932336365e-05,
        "a_pdf": 3.115006827997089,
        "B_ccdf": 2.115006827997089,
        "ks": 0.00914363271424945,
        "n_tail": 14184,
        "se_B": 0.017758750777148016
      },
      "ccdf_powerlaw": {
        "B": 2.312480637385879,
        "r2": 0.9671742589078529
      },
      "ccdf_tempered": {
        "B": 1.4407190490899493,
        "lam": 1558.8770306090137,
        "r2": 0.9925373753006131
      }
    },
    "delta": {
      "ok": true,
      "reason": "clear-ish tail region",
      "fit": {
        "xmin": 0.00011890013967118017,
        "a_pdf": 3.1516284202323415,
        "B_ccdf": 2.1516284202323415,
        "ks": 0.009304454321896527,
        "n_tail": 11082,
        "se_B": 0.020438932020436715
      },
      "ccdf_powerlaw": {
        "B": 2.278989032269216,
        "r2": 0.9869362285791864
      },
      "ccdf_tempered": {
        "B": 1.7925456155608865,
        "lam": 413.1578032216802,
        "r2": 0.9971419126945551
      }
    }
  },
  "embed": {
    "grad": {
      "ok": false,
      "reason": "tail too small (n_tail=1388)",
      "fit": {
        "xmin": 0.00033638450287387086,
        "a_pdf": 3.220567100677136,
        "B_ccdf": 2.220567100677136,
        "ks": 0.015028111357510268,
        "n_tail": 1388,
        "se_B": 0.05960314388726617
      },
      "ccdf_powerlaw": {
        "B": 2.324231668654178,
        "r2": 0.9917096719115617
      },
      "ccdf_tempered": null
    },
    "noise": {
      "ok": false,
      "reason": "tail too small (n_tail=1776)",
      "fit": {
        "xmin": 0.0002945394653408807,
        "a_pdf": 3.2137237405454706,
        "B_ccdf": 2.2137237405454706,
        "ks": 0.01285665744059794,
        "n_tail": 1776,
        "se_B": 0.0525293397181466
      },
      "ccdf_powerlaw": {
        "B": 2.3007618925499234,
        "r2": 0.9878238708736904
      },
      "ccdf_tempered": null
    },
    "delta": {
      "ok": false,
      "reason": "CCDF not linear enough (R²=0.969)",
      "fit": {
        "xmin": 0.00033120207310350156,
        "a_pdf": 3.1860890095135863,
        "B_ccdf": 2.1860890095135863,
        "ks": 0.027552813261128795,
        "n_tail": 2939,
        "se_B": 0.040324412415441255
      },
      "ccdf_powerlaw": {
        "B": 2.949554526771601,
        "r2": 0.9688360079401037
      },