{
  "all": {
    "grad": {
      "ok": false,
      "reason": "tail too small (n_tail=1385)",
      "fit": {
        "xmin": 0.00020839900393110315,
        "a_pdf": 3.187499698749129,
        "B_ccdf": 2.187499698749129,
        "ks": 0.018648773926690176,
        "n_tail": 1385,
        "se_B": 0.05877912478498801
      },
      "ccdf_powerlaw": {
        "B": 2.3493931078260943,
        "r2": 0.9866043011154468
      },
      "ccdf_tempered": {
        "B": 1.866001181928785,
        "lam": 374.63709786842065,
        "r2": 0.9931835549421608
      }
    },
    "noise": {
      "ok": false,
      "reason": "tail too small (n_tail=1773)",
      "fit": {
        "xmin": 0.0001665990370176032,
        "a_pdf": 3.101148814043674,
        "B_ccdf": 2.101148814043674,
        "ks": 0.026006956290069216,
        "n_tail": 1773,
        "se_B": 0.04990021819540224
      },
      "ccdf_powerlaw": {
        "B": 2.260710812996862,
        "r2": 0.9896013063808721
      },
      "ccdf_tempered": {
        "B": 1.8948480394105744,
        "lam": 320.8093730579764,
        "r2": 0.9941598922353536
      }
    },
    "delta": {
      "ok": true,
      "reason": "clear-ish tail region",
      "fit": {
        "xmin": 0.00021937767629944053,
        "a_pdf": 3.0728570022174195,
        "B_ccdf": 2.0728570022174195,
        "ks": 0.018391387889980404,
        "n_tail": 2159,
        "se_B": 0.044611109222574274
      },
      "ccdf_powerlaw": {
        "B": 2.1172869161361323,
        "r2": 0.9964233817158314
      },
      "ccdf_tempered": {
        "B": 1.9248092752713772,
        "lam": 131.0053142060235,
        "r2": 0.9978089725195468
      }
    }
  },
  "attn_early": {
    "grad": {
      "ok": false,
      "reason": "tail too small (n_tail=1000)",
      "fit": {
        "xmin": 0.0002992004425323105,
        "a_pdf": 4.244695361743231,
        "B_ccdf": 3.244695361743231,
        "ks": 0.019746247291564933,
        "n_tail": 1000,
        "se_B": 0.10260627656492578
      },
      "ccdf_powerlaw": {
        "B": 3.2507914089061667,
        "r2": 0.9836341052991445
      },
      "ccdf_tempered": {
        "B": 2.1708690433454647,
        "lam": 1476.219524127695,
        "r2": 0.988600962100833
      }
    },
    "noise": {
      "ok": false,
      "reason": "B_eff too noisy (MAD=0.40)",
      "fit": {
        "xmin": 0.0001743473722813285,
        "a_pdf": 4.116617927484226,
        "B_ccdf": 3.116617927484226,
        "ks": 0.03245986008895585,
        "n_tail": 2939,
        "se_B": 0.05748886989610505
      },
      "ccdf_powerlaw": {
        "B": 4.070269327773199,
        "r2": 0.9927963896218369
      },
      "ccdf_tempered": {
        "B": 3.639940065298405,
        "lam": 729.3541956376802,
        "r2": 0.9936612317363526
      }
    },
    "delta": {
      "ok": false,
      "reason": "B_eff too noisy (MAD=0.33)",
      "fit": {
        "xmin": 0.00028073284867081836,
        "a_pdf": 4.343063725032611,
        "B_ccdf": 3.3430637250326107,
        "ks": 0.026042754680964952,
        "n_tail": 2164,
        "se_B": 0.07186476783915248
      },
      "ccdf_powerlaw": {
        "B": 4.025273924902101,
        "r2": 0.9937294620759246
      },
      "ccdf_tempered": {
        "B": 2.7039542538244787,
        "lam": 1877.2522045562787,
        "r2": 0.9986967535046
      }
    }
  },
  "attn_late": {
    "grad": {
      "ok": false,
      "reason": "CCDF not linear enough (R²=0.977)",
      "fit": {
        "xmin": 5.505588124889276e-05,
        "a_pdf": 3.468926229891432,
        "B_ccdf": 2.468926229891432,
        "ks": 0.010910042144673393,
        "n_tail": 13021,
        "se_B": 0.021636446950026197
      },
      "ccdf_powerlaw": {
        "B": 2.541130691186779,
        "r2": 0.9767112614652904
      },
      "ccdf_tempered": {
        "B": 1.795532325459888,
        "lam": 2176.1531822808774,
        "r2": 0.9899570602557155
      }
    },
    "noise": {
      "ok": true,
      "reason": "clear-ish tail region",
      "fit": {
        "xmin": 5.550978398880066e-05,
        "a_pdf": 3.600967220983509,
        "B_ccdf": 2.600967220983509,
        "ks": 0.010073909174751705,
        "n_tail": 10307,
        "se_B": 0.025619387405334506
      },
      "ccdf_powerlaw": {
        "B": 2.734714211939727,
        "r2": 0.9922861923226025
      },
      "ccdf_tempered": {
        "B": 2.209723242144811,
        "lam": 1731.8128625886957,
        "r2": 0.9973146370109575
      }
    },
    "delta": {
      "ok": true,
      "reason": "clear-ish tail region",
      "fit": {
        "xmin": 7.770882865900475e-05,
        "a_pdf": 3.659224815502284,
        "B_ccdf": 2.659224815502284,
        "ks": 0.006873294068381108,
        "n_tail": 11082,
        "se_B": 0.02526073494848169
      },
      "ccdf_powerlaw": {
        "B": 2.8762631142217954,
        "r2": 0.9908078109222233
      },
      "ccdf_tempered": {
        "B": 2.363760502069364,
        "lam": 968.0715681623068,
        "r2": 0.9960655939915466
      }
    }
  },
  "attn_mid": {
    "grad": {
      "ok": false,
      "reason": "CCDF not linear enough (R²=0.978)",
      "fit": {
        "xmin": 5.920125080741181e-05,
        "a_pdf": 3.186786594172711,
        "B_ccdf": 2.186786594172711,
        "ks": 0.004495639362435022,
        "n_tail": 11470,
        "se_B": 0.0204185404073687
      },
      "ccdf_powerlaw": {
        "B": 2.5529796777463907,
        "r2": 0.9783177026293709
      },
      "ccdf_tempered": {
        "B": 1.7269450902083654,
        "lam": 2057.6434454325836,
        "r2": 0.995840893546486
      }
    },
    "noise": {
      "ok": false,
      "reason": "CCDF not linear enough (R²=0.960)",
      "fit": {
        "xmin": 6.744293405063222e-05,
        "a_pdf": 3.352572302252818,
        "B_ccdf": 2.352572302252818,
        "ks": 0.00488950275748079,
        "n_tail": 6429,
        "se_B": 0.029340753766654435
      },
      "ccdf_powerlaw": {
        "B": 3.0488335485320732,
        "r2": 0.959516297071213
      },
      "ccdf_tempered": {
        "B": 1.4085389894195104,
        "lam": 4867.925166723791,
        "r2": 0.9948189141642307
      }
    },
    "delta": {
      "ok": false,
      "reason": "CCDF not linear enough (R²=0.967)",
      "fit": {
        "xmin": 8.034647391468753e-05,
        "a_pdf": 3.340425541720154,
        "B_ccdf": 2.340425541720154,
        "ks": 0.005494590493769547,
        "n_tail": 9919,
        "se_B": 0.023499622398709973
      },
      "ccdf_powerlaw": {
        "B": 2.9193584268476753,
        "r2": 0.9666330940095462
      },
      "ccdf_tempered": {
        "B": 1.616494026426006,
        "lam": 2918.246468757201,
        "r2": 0.9938293732097709
      }
    }
  },
  "embed": {
    "grad": {
      "ok": false,
      "reason": "CCDF not linear enough (R²=0.974)",
      "fit": {
        "xmin": 0.00021348344946128128,
        "a_pdf": 2.980712435503156,
        "B_ccdf": 1.9807124355031558,
        "ks": 0.021857980650420494,
        "n_tail": 2552,
        "se_B": 0.03920857812784774
      },
      "ccdf_powerlaw": {
        "B": 2.0936009262386817,
        "r2": 0.9743770222680943
      },
      "ccdf_tempered": {
        "B": 1.5417691579956458,
        "lam": 468.7366052128469,
        "r2": 0.983700104386716
      }
    },
    "noise": {
      "ok": false,
      "reason": "CCDF not linear enough (R²=0.975)",
      "fit": {
        "xmin": 0.0002092409709914549,
        "a_pdf": 3.021932754871463,
        "B_ccdf": 2.021932754871463,
        "ks": 0.008295706073318532,
        "n_tail": 2552,
        "se_B": 0.040024542163534
      },
      "ccdf_powerlaw": {
        "B": 2.147478443193465,
        "r2": 0.9751142556936012
      },
      "ccdf_tempered": {
        "B": 1.523377473749363,
        "lam": 551.9639239284628,
        "r2": 0.9861728113408023
      }
    },
    "delta": {
      "ok": true,
      "reason": "clear-ish tail region",
      "fit": {
        "xmin": 0.0003337205656416887,